feature	metadata	value	coef	stderr	N	N.not.0	pval	qval
PWY.6749	timepoint	timepoint	-0.994688507284983	0.0661888089000568	63	63	1.35146693393007e-20	1.11631168742624e-17
FUCCAT.PWY	timepoint	timepoint	-1.37596140156139	0.100452329436915	63	63	9.66514676172297e-19	3.99170561259159e-16
DHGLUCONATE.PYR.CAT.PWY	timepoint	timepoint	-1.76241616811654	0.144313215893765	63	61	1.26502964037008e-17	3.48304827648562e-15
PWY.5654	timepoint	timepoint	0.773279396097819	0.0647929660076139	63	63	1.73958510356367e-17	3.59224323885897e-15
DTDPRHAMSYN.PWY	timepoint	timepoint	-0.165013020403771	0.0136978557714104	63	63	2.97812107367101e-17	4.91985601370451e-15
PWY.6263	timepoint	timepoint	-1.09313732151114	0.091090581539582	63	62	4.59290197486968e-17	6.32289505207059e-15
PWY.5647	timepoint	timepoint	0.804447887074454	0.0698874245386613	63	63	7.96226711192392e-17	9.39547519207022e-15
PWY1G.0	timepoint	timepoint	-1.37668527357927	0.129830709341576	63	62	2.21703631183114e-15	2.28908999196565e-13
HCAMHPDEG.PWY	timepoint	timepoint	-1.50895907750883	0.139654062788257	63	60	6.43006521995732e-15	4.58180674693362e-13
PWY.6690	timepoint	timepoint	-1.50895907750883	0.139654062788257	63	60	6.43006521995732e-15	4.58180674693362e-13
PWY.6944	timepoint	timepoint	-1.40887490930775	0.133396234958826	63	62	5.22699686023325e-15	4.58180674693362e-13
PWY0.1277	timepoint	timepoint	-1.49777050504698	0.138779678151187	63	60	6.65637784058152e-15	4.58180674693362e-13
X1CMET2.PWY	timepoint	timepoint	0.0356817993400549	0.00335633704934348	63	63	9.32333012296242e-15	5.92390052428228e-13
PWY.5989	timepoint	timepoint	-0.0343304415672109	0.00327785091571817	63	63	1.27586190843362e-14	7.52758525975835e-13
P461.PWY	timepoint	timepoint	-0.470298496419497	0.0447929685713977	63	63	1.37975079924068e-14	7.59782773448532e-13
PWY.6397	timepoint	timepoint	-1.46944370352213	0.145743552865442	63	62	1.56543196742605e-14	8.08154253183701e-13
PWY0.1061	timepoint	timepoint	0.0573556310243277	0.00541370932732008	63	63	2.77051226749951e-14	1.34614301938506e-12
PWY.6467	timepoint	timepoint	0.0609215392615316	0.00606612357652607	63	63	8.09878760200709e-14	3.71644364403214e-12
PWY.6383	timepoint	timepoint	-1.34321488100456	0.139636525564547	63	62	1.21792295249693e-13	5.29475978296034e-12
GLUCONEO.PWY	timepoint	timepoint	0.0284626412714045	0.00290930410167828	63	63	1.46995524653683e-13	6.07091516819709e-12
PWY.6505	timepoint	timepoint	0.623317778562198	0.0667650504575097	63	63	3.74960904389936e-13	1.40780775920949e-11
PWY.7007	timepoint	timepoint	-1.38207337918796	0.148005292520581	63	62	3.74131531867752e-13	1.40780775920949e-11
PWY.6731	timepoint	timepoint	-1.97546520657278	0.206896208905911	63	51	4.41850100358813e-13	1.586818186506e-11
PWY.6641	timepoint	timepoint	0.597201627079465	0.062432833562439	63	63	4.82839995597949e-13	1.66177431818294e-11
PWY.6210	timepoint	timepoint	0.701724061570458	0.075820896372573	63	63	5.46909197519261e-13	1.80698798860364e-11
PWY.5655	timepoint	timepoint	0.609854553428456	0.0663567494230438	63	63	6.35494750898893e-13	2.01891793939417e-11
PWY.7371	timepoint	timepoint	-0.805210428612524	0.0856692974283819	63	63	7.11781480515293e-13	2.17752408483567e-11
PWY0.845	timepoint	timepoint	-0.493333072446484	0.0526360359024861	63	63	9.46548881809201e-13	2.79231920133714e-11
PWY.7373	timepoint	timepoint	-0.810988085487103	0.0872258421492795	63	63	1.01342140678247e-12	2.88650373104249e-11
PWY.5417	timepoint	timepoint	-0.362114903748202	0.040409051744355	63	63	2.20416627283522e-12	5.87303658503836e-11
PWY.5431	timepoint	timepoint	-0.362114903748202	0.040409051744355	63	63	2.20416627283522e-12	5.87303658503836e-11
PWY.7616	timepoint	timepoint	-1.38452921461445	0.156674222860824	63	62	2.35673357793443e-12	6.08331854804325e-11
PWY0.1338	timepoint	timepoint	-2.00686270990014	0.21974137973999	63	62	2.65885382773575e-12	6.6551917021507e-11
OANTIGEN.PWY	timepoint	timepoint	-0.0856004358630597	0.00959769474460816	63	63	3.1452252047448e-12	7.64104711505648e-11
ASPASN.PWY	timepoint	timepoint	-0.262389726636184	0.0293936682055571	63	63	4.77920545268166e-12	1.08260436870975e-10
PWY.5304	timepoint	timepoint	-1.2144161222747	0.135520054771995	63	63	4.71091602793107e-12	1.08260436870975e-10
PWY.6282	timepoint	timepoint	-0.0277371714649783	0.00319667245428805	63	63	4.84943845547953e-12	1.08260436870975e-10
ARGDEG.PWY	timepoint	timepoint	-1.98752975748987	0.222982387343912	63	63	5.28520487486808e-12	1.09139480666026e-10
ENTBACSYN.PWY	timepoint	timepoint	-0.330735407110313	0.0376548763447297	63	63	5.11974246949126e-12	1.09139480666026e-10
ORNARGDEG.PWY	timepoint	timepoint	-1.98752975748987	0.222982387343912	63	63	5.28520487486808e-12	1.09139480666026e-10
PWY.7374	timepoint	timepoint	-1.49725363463757	0.17277191304647	63	61	5.92874928930715e-12	1.19442607633359e-10
GALLATE.DEGRADATION.I.PWY	timepoint	timepoint	-0.362336235649813	0.0416152603682836	63	63	8.29654559406317e-12	1.55912884380073e-10
GALLATE.DEGRADATION.II.PWY	timepoint	timepoint	-0.361609301391703	0.0416188045625585	63	63	8.87155637513733e-12	1.55912884380073e-10
METHYLGALLATE.DEGRADATION.PWY	timepoint	timepoint	-0.360885890752647	0.0413957003368618	63	63	7.97646152591961e-12	1.55912884380073e-10
P184.PWY	timepoint	timepoint	-0.359650390567357	0.041382149897004	63	63	8.76950810085821e-12	1.55912884380073e-10
PWY.6338	timepoint	timepoint	-0.357439095424736	0.0411314376211065	63	63	8.68883936556736e-12	1.55912884380073e-10
PWY.7097	timepoint	timepoint	-0.357439095424736	0.0411314376211065	63	63	8.68883936556736e-12	1.55912884380073e-10
PWY.5183	timepoint	timepoint	-1.31776988970569	0.157118890043752	63	60	1.07419192190988e-11	1.84850526561992e-10
PWY.5741	timepoint	timepoint	0.444776053349464	0.0512769565906441	63	63	1.23381891734369e-11	2.03826885145178e-10
PWY.6182	timepoint	timepoint	-0.343399029769482	0.0403793360922867	63	63	1.21693430929592e-11	2.03826885145178e-10
PWY.7098	timepoint	timepoint	-0.350534575508699	0.0409505464958711	63	63	1.38622046170644e-11	2.2451335320971e-10
NONOXIPENT.PWY	timepoint	timepoint	-0.0251647823644394	0.00299628109369784	63	63	1.46029336291229e-11	2.31961984185684e-10
PWY.6404	timepoint	timepoint	-1.39008506263157	0.165601269659868	63	55	1.59701119432375e-11	2.48892688021022e-10
ORNDEG.PWY	timepoint	timepoint	-1.63600472216382	0.192166708627667	63	41	1.70679501110816e-11	2.61076422069508e-10
PWY.5103	timepoint	timepoint	0.0281806362087355	0.00331350221976964	63	63	2.24112306415179e-11	3.36575936543523e-10
PWY0.41	timepoint	timepoint	-1.97371963420124	0.242412496947496	63	59	2.80638362309218e-11	4.13941584406096e-10
PWY0.1297	timepoint	timepoint	0.22639365085511	0.0278226802969071	63	63	2.8616406378532e-11	4.14686871380131e-10
PWY.6713	timepoint	timepoint	-2.23065001057363	0.272094515239463	63	43	3.26801578768614e-11	4.65410524246337e-10
PWY.6629	timepoint	timepoint	-1.94861234772721	0.241026801464833	63	57	3.51480415427788e-11	4.92072581598904e-10
PWY.6470	timepoint	timepoint	-1.3112448535036	0.161758956236195	63	62	3.91249539700497e-11	5.38620199654351e-10
PWY.6948	timepoint	timepoint	-1.2786895408203	0.156826428960163	63	54	4.24996297010601e-11	5.75486789066814e-10
PWY.6969	timepoint	timepoint	0.0798980164255818	0.00983666957119003	63	63	4.59762137590437e-11	6.12521815564034e-10
PWY.5022	timepoint	timepoint	-0.237601271048205	0.0289699265950562	63	63	5.23302701746951e-11	6.86107986734891e-10
KDO.NAGLIPASYN.PWY	timepoint	timepoint	-0.180133379907622	0.0220334739412649	63	63	5.95808622562341e-11	7.68965503494522e-10
PWY.7255	timepoint	timepoint	-1.39696345961526	0.176462851600878	63	61	6.80374894022197e-11	8.64599480711284e-10
PWY.5971	timepoint	timepoint	-1.03366298359026	0.129211934339017	63	63	7.6227116864788e-11	9.53993917125984e-10
PWY.6562	timepoint	timepoint	-0.242165513755172	0.0307844551355408	63	63	1.04891952132522e-10	1.29314555912631e-09
FUC.RHAMCAT.PWY	timepoint	timepoint	-2.05832025318419	0.255690227665953	63	59	1.08127140922229e-10	1.31342674120237e-09
GLYCOL.GLYOXDEG.PWY	timepoint	timepoint	-1.82000332641552	0.231475876149258	63	60	1.10216462495642e-10	1.31940286987537e-09
P281.PWY	timepoint	timepoint	-0.333139038431037	0.0418712480068263	63	63	1.22212141233983e-10	1.442103266561e-09
PWY.7664	timepoint	timepoint	-0.0242435196013669	0.00310061068800408	63	63	1.26716671038364e-10	1.47419676447449e-09
P105.PWY	timepoint	timepoint	0.0762641347603808	0.00974229622169907	63	63	1.29597409996216e-10	1.48677028690104e-09
PWY.5005	timepoint	timepoint	-1.2555777227887	0.161424320972714	63	62	1.41420275762486e-10	1.60018010657278e-09
PWY0.862	timepoint	timepoint	-0.0226633207809579	0.00293590172297133	63	63	1.95006698519322e-10	2.17669639158054e-09
PWY.5973	timepoint	timepoint	-0.0258534021968654	0.00338276533137885	63	63	2.40468357753102e-10	2.64835818005416e-09
PWY0.781	timepoint	timepoint	0.0558572329558646	0.00730500075451674	63	63	2.44715218602762e-10	2.6596680337616e-09
PWY.7295	timepoint	timepoint	-2.13515738145596	0.273826263129736	63	58	2.85817574805217e-10	3.06604307518324e-09
FASYN.ELONG.PWY	timepoint	timepoint	-0.0255595951437251	0.00336878305793757	63	63	3.03161236602607e-10	3.21039976197119e-09
PWY.6122	timepoint	timepoint	0.0246893896173992	0.00330499343130025	63	63	3.93519825027768e-10	4.0630921934117e-09
PWY.6277	timepoint	timepoint	0.0246893896173992	0.00330499343130025	63	63	3.93519825027768e-10	4.0630921934117e-09
ECASYN.PWY	timepoint	timepoint	-2.34280762975519	0.306503136781907	63	59	5.17425819741549e-10	5.27646576674716e-09
GLYCOLYSIS.E.D	timepoint	timepoint	0.0668665883135895	0.0090636892493032	63	63	5.67239565447368e-10	5.7139009885308e-09
CATECHOL.ORTHO.CLEAVAGE.PWY	timepoint	timepoint	-0.319660360094382	0.0426382857388336	63	63	6.6586603111007e-10	6.62657038189058e-09
PWY0.1415	timepoint	timepoint	-0.261801626151635	0.0354855278986629	63	63	9.38677769502428e-10	9.23033140010721e-09
PWY.7003	timepoint	timepoint	-1.24959606474228	0.167706749533262	63	63	9.86920760802968e-10	9.59054762850885e-09
SALVADEHYPOX.PWY	timepoint	timepoint	-0.119639417433863	0.0164208795939512	63	63	1.00898925886892e-09	9.69098985843871e-09
PWY0.1296	timepoint	timepoint	0.226936959704728	0.0315438868787882	63	63	1.16564186284591e-09	1.10668986058704e-08
PWY.5178	timepoint	timepoint	-1.57484264643372	0.214559545021334	63	63	1.41298425363752e-09	1.32627840170976e-08
PWY.6185	timepoint	timepoint	-0.892342986744009	0.121930240877459	63	63	1.47624740755046e-09	1.37009029060301e-08
P441.PWY	timepoint	timepoint	-1.2395749481858	0.171177677003686	63	63	1.52144807110737e-09	1.39635122970521e-08
PWY.7377	timepoint	timepoint	-1.44193344526326	0.20295256737777	63	60	2.15450801456993e-09	1.95563035168656e-08
GLCMANNANAUT.PWY	timepoint	timepoint	-1.27154116241995	0.178179499763542	63	63	2.238553733586e-09	2.00983193906743e-08
PWY.7242	timepoint	timepoint	-0.181529433864337	0.0255663052072956	63	63	2.63560657195771e-09	2.34087207358825e-08
RHAMCAT.PWY	timepoint	timepoint	-1.60082083783608	0.225033325177251	63	61	3.12491029745863e-09	2.74593181457535e-08
PWY.6728	timepoint	timepoint	-0.570664180434863	0.0805319192491049	63	63	3.35931203757691e-09	2.92083341372477e-08
GLUCARDEG.PWY	timepoint	timepoint	-1.97738430069203	0.279032592919558	63	62	4.10836526536603e-09	3.53490594707535e-08
PWY.5861	timepoint	timepoint	-0.288127234786436	0.0413006939379666	63	63	4.52943934720044e-09	3.85702773277068e-08
PWY.6396	timepoint	timepoint	-0.925563469401239	0.13278720552009	63	63	4.84453358424629e-09	4.0832497352933e-08
PWY.7221	timepoint	timepoint	0.0212258675925416	0.00311228893716691	63	63	5.06815593201476e-09	4.22858262610524e-08
PWY.5507	timepoint	timepoint	-1.55018084230087	0.227968702474727	63	58	5.48229704742867e-09	4.52837736117608e-08
PWY.5838	timepoint	timepoint	-0.258329803710177	0.0374950327786064	63	63	6.32148735175644e-09	5.16985005203051e-08
BRANCHED.CHAIN.AA.SYN.PWY	timepoint	timepoint	0.0287841061662746	0.00415216833178509	63	63	7.01955595465216e-09	5.61081106173723e-08
METHGLYUT.PWY	timepoint	timepoint	-1.73029272266214	0.249764734485291	63	63	7.0223556158004e-09	5.61081106173723e-08
PWY.5154	timepoint	timepoint	0.0433137975047749	0.00632195494115326	63	63	7.06445944819216e-09	5.61081106173723e-08
PWY.6957	timepoint	timepoint	-1.42477359323617	0.205756860612833	63	43	7.18912149359361e-09	5.65544224162697e-08
PWY.5897	timepoint	timepoint	-0.266493944756793	0.0389967122970976	63	63	7.71780180950387e-09	5.90268916171314e-08
PWY.5898	timepoint	timepoint	-0.266493944756793	0.0389967122970976	63	63	7.71780180950387e-09	5.90268916171314e-08
PWY.5899	timepoint	timepoint	-0.266493944756793	0.0389967122970976	63	63	7.71780180950387e-09	5.90268916171314e-08
HOMOSER.METSYN.PWY	timepoint	timepoint	0.173316780855914	0.0257119910372097	63	63	8.50811569565654e-09	6.44743446294707e-08
PWY.6339	timepoint	timepoint	-0.704208025022573	0.104576847144521	63	45	8.81888235410224e-09	6.62217893135314e-08
PWY0.1298	timepoint	timepoint	0.207003261896164	0.0308457986539982	63	63	9.32857215567584e-09	6.9418023428723e-08
GALACTARDEG.PWY	timepoint	timepoint	-1.8794978823094	0.275599923636715	63	62	1.10506546038451e-08	8.07773513520007e-08
GLUCARGALACTSUPER.PWY	timepoint	timepoint	-1.8794978823094	0.275599923636715	63	62	1.10506546038451e-08	8.07773513520007e-08
PWY.722	timepoint	timepoint	-2.02069842257051	0.296631351144072	63	54	1.16918858480887e-08	8.39782409610548e-08
PWY.7228	timepoint	timepoint	0.0199369906826088	0.00301752007585158	63	63	1.16599884401733e-08	8.39782409610548e-08
P125.PWY	timepoint	timepoint	-1.01997706493548	0.151399869157646	63	63	1.22866161626397e-08	8.74891806063826e-08
GLUCUROCAT.PWY	timepoint	timepoint	-0.299412015042552	0.0446633521021846	63	63	1.27163683827579e-08	8.97753870440854e-08
PWY.6125	timepoint	timepoint	0.0198481212170791	0.00302022212179093	63	63	1.33851043203488e-08	9.36957302424418e-08
PWY490.3	timepoint	timepoint	-1.17018259884431	0.174514542855712	63	63	1.47523747156024e-08	1.0239883626124e-07
PWY.6906	timepoint	timepoint	-0.296072405429661	0.0449155576295498	63	63	1.52685411819039e-08	1.05098458468772e-07
PWY.6386	timepoint	timepoint	0.0290100307019869	0.00434623270146084	63	63	1.59094314194779e-08	1.07714675020399e-07
TCA	timepoint	timepoint	0.0330046198879399	0.00499056803712645	63	63	1.57868655285395e-08	1.07714675020399e-07
PWY.5677	timepoint	timepoint	-1.36590336704971	0.208595629255422	63	54	1.66854029987795e-08	1.12049942089365e-07
P101.PWY	timepoint	timepoint	-0.171248842928255	0.026161028584626	63	63	1.94865855546056e-08	1.29805803775034e-07
PWY.6519	timepoint	timepoint	-0.0212803642563623	0.00327259260130978	63	63	2.33301608566646e-08	1.5416570294084e-07
GLYCOLYSIS	timepoint	timepoint	0.0238724770661209	0.0036145920862495	63	63	2.39725825054129e-08	1.57153596424374e-07
PWY.7446	timepoint	timepoint	-2.15487614230748	0.32814544797866	63	57	2.47850269410898e-08	1.61200253963308e-07
PWY.6565	timepoint	timepoint	-0.279415095356379	0.0432256338027109	63	63	2.77959265483148e-08	1.79370588507094e-07
PWY.1501	timepoint	timepoint	-1.5268626313243	0.235702822523294	63	43	3.09968268160396e-08	1.98475805814331e-07
PWY.5863	timepoint	timepoint	-0.306137248612907	0.0476495330366256	63	63	3.3527520795722e-08	2.13028709055895e-07
PWY.5651	timepoint	timepoint	0.550438799567842	0.0878389881108717	63	63	5.02470991961291e-08	3.16825220885516e-07
PWY.5347	timepoint	timepoint	0.111145423152906	0.0177257609118146	63	63	5.08488411729647e-08	3.17745366159798e-07
PWY.7254	timepoint	timepoint	-0.12493946522352	0.0199074606858963	63	63	5.11623894664081e-08	3.17745366159798e-07
ANAGLYCOLYSIS.PWY	timepoint	timepoint	0.117581860324023	0.0188074538914688	63	63	5.34417868640222e-08	3.29424745893152e-07
PPGPPMET.PWY	timepoint	timepoint	0.1519600132826	0.0242311245907231	63	63	5.70370791362166e-08	3.48982424937148e-07
PWY.5837	timepoint	timepoint	-0.315515599453805	0.0503337333170692	63	63	5.92013993935027e-08	3.59561440434068e-07
REDCITCYC	timepoint	timepoint	-0.105269216032411	0.0168979619070356	63	63	5.97175727878748e-08	3.60049015494778e-07
NADSYN.PWY	timepoint	timepoint	0.530159010146071	0.0852743672695446	63	63	6.05946934352897e-08	3.62689976648908e-07
PWY.5101	timepoint	timepoint	0.0296105096778486	0.00470987967599972	63	63	7.4327081472687e-08	4.41684671197407e-07
PWY.2941	timepoint	timepoint	-1.17441188242753	0.19351622329189	63	62	9.4271904436757e-08	5.56204236176866e-07
PWY.5705	timepoint	timepoint	0.377183883632911	0.0616907429149946	63	63	1.29632142405992e-07	7.59405316506025e-07
P4.PWY	timepoint	timepoint	0.0521310243972044	0.00866069468583091	63	63	1.33586391931284e-07	7.77058871374931e-07
CENTFERM.PWY	timepoint	timepoint	-1.12246397332035	0.187969860555912	63	62	1.37090026937818e-07	7.8636362674054e-07
PWY.6590	timepoint	timepoint	-1.12075085946751	0.187661102323885	63	62	1.36723810316412e-07	7.8636362674054e-07
PWY.7200	timepoint	timepoint	0.0842345452493394	0.014066930989459	63	63	1.4969826350482e-07	8.52763901068838e-07
MET.SAM.PWY	timepoint	timepoint	0.105581404513449	0.0177939525042136	63	63	1.78142899845284e-07	1.00099343722588e-06
P164.PWY	timepoint	timepoint	-1.18911023419283	0.200301071785197	63	62	1.77447825903056e-07	1.00099343722588e-06
PWY.5181	timepoint	timepoint	-0.75953061186985	0.126439618021379	63	63	1.90474426016444e-07	1.06305321547015e-06
PWY.7391	timepoint	timepoint	-1.05317204617018	0.179351360122161	63	62	2.00714131978745e-07	1.11268371150633e-06
LACTOSECAT.PWY	timepoint	timepoint	-1.08341079720962	0.186182502802578	63	62	2.45854476001328e-07	1.34542119075571e-06
LEU.DEG2.PWY	timepoint	timepoint	0.0440432695556069	0.00754459234880795	63	63	2.45954721312484e-07	1.34542119075571e-06
PWY.6471	timepoint	timepoint	-1.12996126998267	0.19506349862474	63	62	2.71822893102543e-07	1.47714282699145e-06
PWY.3781	timepoint	timepoint	0.153519297181528	0.0261804743481003	63	63	2.86784687404779e-07	1.54826243004149e-06
ILEUSYN.PWY	timepoint	timepoint	0.0330891556622984	0.00561204064324886	63	63	3.04648783111852e-07	1.61307624904096e-06
TRPSYN.PWY	timepoint	timepoint	0.0205835536804183	0.00353715207962799	63	63	3.02640704521124e-07	1.61307624904096e-06
VALSYN.PWY	timepoint	timepoint	0.0330891556622984	0.00561204064324886	63	63	3.04648783111852e-07	1.61307624904096e-06
PWY.6628	timepoint	timepoint	-0.0377681727358655	0.00647434909784596	63	63	3.31489501097271e-07	1.74401482742896e-06
PWYG.321	timepoint	timepoint	-0.0673531428680011	0.0116396860157411	63	63	3.49053039880771e-07	1.82479627178175e-06
P261.PWY	timepoint	timepoint	-1.29068348842538	0.225556412979969	63	60	4.12862247057682e-07	2.14480639037513e-06
HEXITOLDEGSUPER.PWY	timepoint	timepoint	-1.19762772836774	0.211341813769756	63	63	5.07658183604632e-07	2.62078537285891e-06
PWY.5265	timepoint	timepoint	-1.1243957107392	0.202686552870076	63	62	6.89986597778563e-07	3.53993124077698e-06
PWY.4361	timepoint	timepoint	-1.26741986766077	0.228211857533609	63	56	7.80769119712524e-07	3.9809585980404e-06
PWY.7527	timepoint	timepoint	-1.26519193229288	0.227895492528609	63	56	7.86952010156618e-07	3.98786724165256e-06
TEICHOICACID.PWY	timepoint	timepoint	-0.932051172262972	0.16970515653686	63	63	8.49912311893959e-07	4.28065591234396e-06
PWY.6876	timepoint	timepoint	-1.215137906671	0.217568238702918	63	63	8.96065142798012e-07	4.4857564118252e-06
PWY.7199	timepoint	timepoint	0.138265354615167	0.0252369251128776	63	63	1.00605745486225e-06	5.00604492600132e-06
P163.PWY	timepoint	timepoint	-1.57770117825052	0.290011283715801	63	51	1.03365214858492e-06	5.11255493850984e-06
PWY.5667	timepoint	timepoint	0.0116929543798643	0.0021263685418792	63	63	1.08264181973015e-06	5.29149197098878e-06
PWY0.1319	timepoint	timepoint	0.0116929543798643	0.0021263685418792	63	63	1.08264181973015e-06	5.29149197098878e-06
NAD.BIOSYNTHESIS.II	timepoint	timepoint	-1.10420368351548	0.199993886852936	63	63	1.13745478700856e-06	5.52669208275925e-06
PWY.181	timepoint	timepoint	0.282543147101239	0.0514183825405275	63	63	1.1551415460687e-06	5.57980653247221e-06
PWY.5695	timepoint	timepoint	-0.0488152858717693	0.00904916304754117	63	63	1.22687756440283e-06	5.89186551277174e-06
PWY.6387	timepoint	timepoint	0.0181312185186166	0.0033500180183224	63	63	1.27159965574811e-06	6.07133708467017e-06
PWY.7220	timepoint	timepoint	0.0170136085469628	0.0031588302540726	63	63	1.39041866640152e-06	6.5627761054152e-06
PWY.7222	timepoint	timepoint	0.0170136085469628	0.0031588302540726	63	63	1.39041866640152e-06	6.5627761054152e-06
PWY.621	timepoint	timepoint	0.168193048435386	0.0312806666701572	63	63	1.55418031370434e-06	7.29405079045335e-06
PWY.7013	timepoint	timepoint	-1.60650049200699	0.301337347820853	63	49	1.65428586517852e-06	7.72000070416644e-06
PWY.6703	timepoint	timepoint	0.125896718067993	0.0236374430212728	63	63	1.70878712261007e-06	7.92954024312313e-06
PWY.6609	timepoint	timepoint	0.112854908604143	0.0213906426199976	63	63	2.25110000977583e-06	1.03877575870103e-05
PEPTIDOGLYCANSYN.PWY	timepoint	timepoint	0.0210215327557785	0.00400931054441214	63	63	2.59588302163983e-06	1.19122187548583e-05
POLYISOPRENSYN.PWY	timepoint	timepoint	0.019264268027907	0.00372912737955876	63	63	3.06494421186415e-06	1.39869829778994e-05
PWY.7197	timepoint	timepoint	0.0164535155715718	0.00319716142117006	63	63	3.08876809839189e-06	1.40182552157786e-05
BIOTIN.BIOSYNTHESIS.PWY	timepoint	timepoint	-0.0188407645292813	0.00362518150590605	63	63	3.43185005575119e-06	1.54902084483633e-05
PWY.841	timepoint	timepoint	0.0148931264226337	0.00296883058114537	63	63	5.22361411615893e-06	2.34494851084091e-05
TCA.GLYOX.BYPASS	timepoint	timepoint	0.0235796570784486	0.00473649491094759	63	63	5.97993942361791e-06	2.66996214265318e-05
GALACTUROCAT.PWY	timepoint	timepoint	-0.238088630043468	0.0477679141237138	63	63	7.24145560625434e-06	3.18161826104579e-05
PWY.5920	timepoint	timepoint	0.293967633343047	0.0589666135823195	63	63	7.22799472618531e-06	3.18161826104579e-05
THREOCAT.PWY	timepoint	timepoint	-1.54346844113746	0.313073241729745	63	45	7.20457479265287e-06	3.18161826104579e-05
P381.PWY	timepoint	timepoint	-0.885760114372344	0.178921743544806	63	62	7.9364475462278e-06	3.46852152020326e-05
P108.PWY	timepoint	timepoint	0.319602941613224	0.0646765846747625	63	63	8.42378504947632e-06	3.66212971098286e-05
P42.PWY	timepoint	timepoint	-0.182251087162451	0.0375343255729407	63	63	1.07348965778236e-05	4.64242124255617e-05
PWY.6608	timepoint	timepoint	-0.0532772408805503	0.0110399651224313	63	63	1.12473206147878e-05	4.83869105615348e-05
PWY.5484	timepoint	timepoint	0.0222266450814961	0.00457912955881923	63	63	1.20729638433279e-05	5.16697830807711e-05
FASYN.INITIAL.PWY	timepoint	timepoint	0.0118409789458883	0.00245831875192664	63	63	1.23088065340072e-05	5.21388420363587e-05
PWY.7332	timepoint	timepoint	0.509198888644304	0.105985991815609	63	63	1.23041545930919e-05	5.21388420363587e-05
ANAEROFRUCAT.PWY	timepoint	timepoint	-0.187320367288657	0.0396403490367227	63	63	1.59434969588389e-05	6.71904514693924e-05
PWY.6901	timepoint	timepoint	-0.110078543138524	0.0233217638096175	63	63	1.79646054133783e-05	7.53236754895963e-05
UDPNAGSYN.PWY	timepoint	timepoint	0.0164377333370498	0.00350421040432085	63	63	1.8516788212014e-05	7.72468033491088e-05
PWY.6992	timepoint	timepoint	-1.51833413373134	0.322803173515667	63	36	2.022350360232e-05	8.39427837965643e-05
THISYN.PWY	timepoint	timepoint	-0.0760473874701798	0.0163490587777283	63	63	2.30935038307291e-05	9.53761708209111e-05
PWY.1861	timepoint	timepoint	-0.832393724659064	0.181135463604362	63	63	2.43040422980136e-05	9.98273750492289e-05
RUMP.PWY	timepoint	timepoint	-0.833433084482547	0.181412126649382	63	63	2.44129900241456e-05	9.98273750492289e-05
PWY.5384	timepoint	timepoint	0.0482321204616764	0.0105389685468956	63	63	2.59824513995035e-05	0.00010572169879798
PWY.6737	timepoint	timepoint	0.0827771296174137	0.0183948424160995	63	63	3.18015838143472e-05	0.000128765236424759
GLYCOCAT.PWY	timepoint	timepoint	0.101821334526852	0.02262454089903	63	63	3.30648375803465e-05	0.000133227101665201
PWY0.42	timepoint	timepoint	-0.0393750524810743	0.00865502243887879	63	63	3.40538637302404e-05	0.000136546074957177
PWY.4722	timepoint	timepoint	-0.688304286329402	0.153420537290614	63	63	3.50172538953891e-05	0.000139373091271113
PWY.7198	timepoint	timepoint	-1.11343740938504	0.248339010188852	63	21	3.52641621554369e-05	0.000139373091271113
PWY.7210	timepoint	timepoint	-1.11340976502891	0.248333270595589	63	21	3.52651042078239e-05	0.000139373091271113
SO4ASSIM.PWY	timepoint	timepoint	-0.0305192569497831	0.00680840562177818	63	63	3.54988428292497e-05	0.000139628781795049
COA.PWY	timepoint	timepoint	0.0160328895950928	0.00357683814225771	63	63	3.64124510624284e-05	0.00014254352880363
ARGORNPROST.PWY	timepoint	timepoint	-0.175677505306102	0.0390660263392908	63	63	3.67228801706813e-05	0.000143080655759353
COBALSYN.PWY	timepoint	timepoint	0.0559113382290903	0.0125065667043693	63	63	4.18047418029079e-05	0.000162116040982169
PHOSLIPSYN.PWY	timepoint	timepoint	0.0103994147184534	0.00234428556530853	63	63	4.23078584317147e-05	0.000163300425535497
PWY.5505	timepoint	timepoint	0.246719448409673	0.0553178477699275	63	63	4.3438889679475e-05	0.000166886152908122
PWY.6892	timepoint	timepoint	-0.166535707237307	0.0373657545560119	63	63	4.42461348216752e-05	0.000169200497049554
PWY.6148	timepoint	timepoint	0.582873711675571	0.131473743850531	63	63	4.48434908699518e-05	0.000170694578150139
PWY.7431	timepoint	timepoint	-0.242507858476811	0.0556232839514901	63	63	6.29251863246776e-05	0.000238422953688916
PWY.6165	timepoint	timepoint	-1.23647331260335	0.287162593051678	63	33	6.60643859973786e-05	0.000249174350839428
PWY.6654	timepoint	timepoint	-1.01446855478209	0.23582873937047	63	35	6.69131379976234e-05	0.00025122841811835
PWY.6353	timepoint	timepoint	0.0500966069856601	0.0116551815696698	63	63	6.82104948024538e-05	0.000252784943799922
PWY4FS.7	timepoint	timepoint	0.0105058938540729	0.00243379132798491	63	63	6.82458141251604e-05	0.000252784943799922
PWY4FS.8	timepoint	timepoint	0.0105058938540729	0.00243379132798491	63	63	6.82458141251604e-05	0.000252784943799922
PWY.6349	timepoint	timepoint	-1.00204165023255	0.239033160017262	63	30	9.66728515950239e-05	0.000354896779633288
PWY.6350	timepoint	timepoint	-0.997591219878857	0.237905815225428	63	30	9.62919260387059e-05	0.000354896779633288
PWY.7196	timepoint	timepoint	0.0548048887836773	0.0131420323692984	63	63	0.000104712965632097	0.000382711989434126
RIBOSYN2.PWY	timepoint	timepoint	0.0134317390777192	0.00322372087869202	63	63	0.000105686359914114	0.000384567988057527
PWY.7376	timepoint	timepoint	0.24928965894633	0.0597660545389145	63	63	0.000114701103389887	0.000415539962280907
PWY.6126	timepoint	timepoint	0.0122664696930449	0.00298687858524566	63	63	0.000127076448624986	0.000456370202453211
SULFATE.CYS.PWY	timepoint	timepoint	-0.0137664830847062	0.00335916914705508	63	63	0.000126890253854386	0.000456370202453211
PWY.5189	timepoint	timepoint	0.01480339579655	0.00361298605334344	63	63	0.000134912466195223	0.000482414273061708
PWY.5532	timepoint	timepoint	-0.640519112577102	0.157828708833192	63	14	0.000152265326555517	0.00054211706782266
PWY.7187	timepoint	timepoint	-0.0741803638454851	0.0181986454713793	63	63	0.000154631633658749	0.000548179096146468
PWY.7663	timepoint	timepoint	-0.0291888140210707	0.00723678414968301	63	63	0.000164113779550072	0.000579307614992988
PWY.6581	timepoint	timepoint	0.402027371661324	0.100213109157227	63	62	0.000184607661074534	0.000648876289564107
PWY.1541	timepoint	timepoint	0.231196814068084	0.0576971523886284	63	63	0.000191164390000174	0.00066907536500061
LPSSYN.PWY	timepoint	timepoint	-1.39313215541884	0.350772154966577	63	27	0.000193777395325392	0.000675359192146724
NAGLIPASYN.PWY	timepoint	timepoint	0.0153980611162515	0.0038883291386608	63	63	0.000201342611619569	0.000698777299150271
PWY.5430	timepoint	timepoint	-0.360344449996911	0.0903725856652659	63	63	0.000205966311486898	0.0007118333610384
PWY.6385	timepoint	timepoint	0.0165005054016869	0.00415914378166678	63	63	0.000221019319104739	0.000760674823252142
PWY.6121	timepoint	timepoint	0.0140124789123732	0.00356019320183737	63	63	0.000225841258474382	0.000774045143152861
PWY0.1586	timepoint	timepoint	-0.0197728913584647	0.00500846452625386	63	63	0.000235829092807001	0.000804937316771002
DENITRIFICATION.PWY	leachate	leachate	-0.221981914665929	0.0562151544627702	63	63	0.00023830252259826	0.00081003244307063
AST.PWY	timepoint	timepoint	0.0759721637024453	0.0194989743333732	63	63	0.000248605509827601	0.000841590783268847
PWY.6123	timepoint	timepoint	0.0122698850058966	0.00315658785761062	63	63	0.00025618821684528	0.000863720273935514
COMPLETE.ARO.PWY	timepoint	timepoint	0.01163962785949	0.00300343332989719	63	63	0.000290351287472045	0.000974919363625646
PWY.7286	timepoint	timepoint	-0.600283178633592	0.155966732103486	63	12	0.000302926517692039	0.00101302552070293
GOLPDLCAT.PWY	timepoint	timepoint	-1.92024252500134	0.50084683710322	63	35	0.000319046368897878	0.00106263024479696
PWY.6572	timepoint	timepoint	-0.955131992528516	0.251308391258497	63	20	0.000354260230438956	0.00117517650739991
PWY.6107	timepoint	timepoint	-1.29829712364698	0.340949083491675	63	55	0.00035904590441107	0.00118628766817418
PWY.5419	timepoint	timepoint	0.197023323002284	0.0536982817552814	63	63	0.000542982548011281	0.00178309540691096
PWY.6728	leachate	leachate	-0.288000436410235	0.0780141360911636	63	63	0.00054399520888809	0.00178309540691096
PWY.7234	timepoint	timepoint	0.0114242614056155	0.00313356763584364	63	63	0.000558890384204907	0.00182467769704843
PWY.7229	timepoint	timepoint	0.0106693089532039	0.00294933213574985	63	63	0.000623648337529309	0.00202808475117799
PWY.3801	timepoint	timepoint	-0.998170885585355	0.278281969121965	63	43	0.000673350807125174	0.00217260846361482
PWY0.1533	leachate	leachate	-0.237394173040238	0.0656444606674405	63	63	0.000672646928535956	0.00217260846361482
PWY.7046	timepoint	timepoint	-1.20941315267756	0.337843584595734	63	47	0.000688584637148566	0.00220453841195626
PWY.7219	timepoint	timepoint	0.0127999473341899	0.00356666542114606	63	63	0.000687794466529388	0.00220453841195626
PWY.7373	leachate	leachate	-0.304534247161136	0.0847037564448843	63	63	0.000733518489394131	0.00233932923644615
LIPASYN.PWY	timepoint	timepoint	-0.723322965667272	0.204388873190353	63	58	0.000806185844863046	0.00256119041483414
NONMEVIPP.PWY	timepoint	timepoint	0.0157694209441272	0.00447131625984864	63	63	0.000828749733301658	0.00261277587674492
PWY.7560	timepoint	timepoint	0.0157694209441272	0.00447131625984864	63	63	0.000828749733301658	0.00261277587674492
PWY.5840	timepoint	timepoint	-0.295521636775011	0.0841305490817499	63	63	0.000879537950218205	0.00275188767757666
PWY.7371	leachate	leachate	-0.2945352427672	0.0832564186888383	63	63	0.000876493063017571	0.00275188767757666
PWY.5741	leachate	leachate	-0.173184759109767	0.0493088182383408	63	63	0.00094391015049244	0.00294215012945946
PWY.4984	timepoint	timepoint	0.299260108202561	0.0856872453627233	63	63	0.000973388922258938	0.00302262875859354
PWY.6174	timepoint	timepoint	-1.02267432637334	0.299566528116156	63	41	0.00118930066632109	0.0036792597392555
PWY.5415	leachate	leachate	-0.173354186358957	0.0512412750181925	63	63	0.00131598757681863	0.00405599156138875
PWY.5198	timepoint	timepoint	-0.80365293483085	0.23854969241652	63	43	0.00134917253151752	0.00414281230867462
DENOVOPURINE2.PWY	timepoint	timepoint	-0.0746088194475932	0.0220876893931069	63	63	0.00136310273304447	0.0041700846573879
P221.PWY	timepoint	timepoint	0.157180092108682	0.0465305754246087	63	63	0.00139886030137372	0.00424800959167166
PWY.6269	timepoint	timepoint	0.0412313866312613	0.0122136431603671	63	63	0.00139458348020614	0.00424800959167166
PWY.7392	leachate	leachate	-0.138078357643207	0.0411875324001555	63	63	0.00149424978116376	0.00452106344044421
PWY.6163	timepoint	timepoint	0.0103053822270116	0.00309435387427645	63	63	0.0015362524509	0.00463118439577884
PWY.5747	timepoint	timepoint	-0.0264876426981928	0.00791485737179227	63	63	0.00154543827762326	0.00464193460842476
PWY.5509	timepoint	timepoint	0.0414849195371295	0.0124282218868031	63	63	0.00155891009973836	0.00466543384921698
CALVIN.PWY	timepoint	timepoint	0.00868672661766478	0.0026368642843558	63	63	0.00169075969139315	0.00504175994617596
PWY.5188	timepoint	timepoint	0.010454375130745	0.00319512956294694	63	63	0.00177347687501474	0.0052505085977139
THRESYN.PWY	timepoint	timepoint	-0.0149877038311239	0.00454369964024162	63	63	0.00177099349039191	0.0052505085977139
PYRIDNUCSAL.PWY	timepoint	timepoint	-0.0546629489685722	0.0166832538650415	63	63	0.00185674659454045	0.00547740245389432
PWY.5420	timepoint	timepoint	0.15190247739364	0.0476009950938192	63	63	0.00233650627493883	0.00681962608869071
PWY.6338	leachate	leachate	0.127266098697514	0.0397443906480106	63	63	0.00233149846319319	0.00681962608869071
PWY.7097	leachate	leachate	0.127266098697514	0.0397443906480106	63	63	0.00233149846319319	0.00681962608869071
PWY.7098	leachate	leachate	0.125832993410327	0.0395772657569365	63	63	0.00248880139996661	0.00723855618440994
P184.PWY	leachate	leachate	0.126812114199469	0.0399823454095548	63	63	0.00254697152854863	0.00738174906168831
PWY.6167	timepoint	timepoint	-0.656078878477732	0.208171696773841	63	28	0.00257382825592434	0.00743350398389336
GALLATE.DEGRADATION.II.PWY	leachate	leachate	0.127304810529137	0.0402107251145694	63	63	0.00259001708959274	0.00744591984410317
METHYLGALLATE.DEGRADATION.PWY	leachate	leachate	0.126588042290877	0.0399947315803832	63	63	0.00259615607155171	0.00744591984410317
GALLATE.DEGRADATION.I.PWY	leachate	leachate	0.127166698511274	0.0402077898558918	63	63	0.00261386615233444	0.00747077315511504
PWY.6641	leachate	leachate	-0.189250338883579	0.0600751454077813	63	63	0.00272558425188003	0.00776321583466519
HISTSYN.PWY	timepoint	timepoint	0.0112099962855358	0.00358506474318506	63	63	0.00277774027810102	0.00788458237014241
METHANOGENESIS.PWY	timepoint	timepoint	-0.571473304366294	0.185067128870019	63	16	0.00308315179968564	0.00872151844705595
PWY.5499	timepoint	timepoint	-0.506525819103742	0.165088893977484	63	11	0.00326885964199883	0.00921528349587383
PWY.6071	timepoint	timepoint	-0.256057922365719	0.0841960222365475	63	63	0.00358488326230572	0.0100718148798113
PWY.7644	timepoint	timepoint	-0.658949447421966	0.219005342627875	63	26	0.0038819191377278	0.0108693735856378
VALDEG.PWY	timepoint	timepoint	0.722924167727689	0.242872959806058	63	54	0.0042546287931285	0.0118727141321762
PANTO.PWY	timepoint	timepoint	-0.0116483308804088	0.00393026072006581	63	63	0.00435336301806554	0.0121073328381217
PWY.1622	timepoint	timepoint	0.319930870704342	0.107726694540519	63	63	0.00443407550065778	0.012290424038736
PWY.3001	timepoint	timepoint	0.0063646323367507	0.00216006883323678	63	63	0.00463622319911811	0.0128077604096039
PWY.5028	timepoint	timepoint	0.127514354327793	0.0434147070582966	63	63	0.00485052714125418	0.0133551180622532
GLUCOSE1PMETAB.PWY	timepoint	timepoint	0.0181526413058459	0.00629577176338909	63	63	0.00563591722024741	0.0154660053950975
GLYCOGENSYNTH.PWY	timepoint	timepoint	0.0587316746612388	0.0205547318490654	63	63	0.00592019265191624	0.0161923150015987
PYRIDOXSYN.PWY	timepoint	timepoint	0.0112534780194399	0.00398934146670075	63	63	0.00653629007590393	0.0178184013290318
PWY.6151	timepoint	timepoint	-0.0192600063855484	0.00682338938174436	63	63	0.00659247496862231	0.0179124484344804
PWY.5913	timepoint	timepoint	-0.0162436097872113	0.00574980497150981	63	63	0.00663172310364638	0.0179600107659407
PWY.922	leachate	leachate	-0.232526500833384	0.0826883206966257	63	63	0.0067916565256695	0.0183330336281144
PWY.5910	leachate	leachate	-0.224489383680029	0.0799651938709853	63	63	0.00688112628492426	0.0185140401021089
PWY.6612	timepoint	timepoint	0.0119330818686412	0.00425295443387751	63	63	0.00702429003452384	0.0188378687289503
PROTOCATECHUATE.ORTHO.CLEAVAGE.PWY	timepoint	timepoint	0.161225130881214	0.057725967636208	63	63	0.00725694327781015	0.0193988192474796
ARO.PWY	timepoint	timepoint	0.0085125559435759	0.00307224475943195	63	63	0.00763494501470909	0.0203434341359668
PWY.5419	leachate	leachate	-0.144499375973484	0.0525408816210005	63	63	0.00809428698678083	0.0214980098105497
KETOGLUCONMET.PWY	timepoint	timepoint	-0.297762639992676	0.108800084189156	63	63	0.00836148901808304	0.0221365061824891
PWY.1269	timepoint	timepoint	0.0121837395184266	0.00449516834972501	63	63	0.00881670279407179	0.0232670814948987
PWY.5088	timepoint	timepoint	-0.954432657981314	0.355457591413405	63	23	0.00945490049924352	0.0248718083196661
PWY.6545	leachate	leachate	-0.143035794173246	0.0547908913541689	63	63	0.0118916007264715	0.0311824196827474
P281.PWY	leachate	leachate	0.105903232143697	0.0406477952034136	63	63	0.0119681300017631	0.0312837828527099
PWY.5920	leachate	leachate	-0.145636793633257	0.0568414407115394	63	63	0.0133981690352107	0.0349113174229781
HISDEG.PWY	timepoint	timepoint	-0.0296007797224362	0.0116553835366396	63	63	0.0140070339301057	0.0363830503970671
PWY.2221	timepoint	timepoint	-0.574667097595565	0.227416448555128	63	26	0.0141603782351048	0.0366660577498326
SER.GLYSYN.PWY	timepoint	timepoint	-0.0119372627946517	0.00479507873312543	63	63	0.0157529223469325	0.0406622308080195
PWY.5420	leachate	leachate	-0.114998154837121	0.0463763423278479	63	63	0.0163498329122454	0.0420715326651548
METH.ACETATE.PWY	timepoint	timepoint	-0.535593690537187	0.216950834434724	63	16	0.0164248701685065	0.042133362606169
ALL.CHORISMATE.PWY	timepoint	timepoint	-0.163564685274719	0.0662144635794156	63	63	0.0166252468931089	0.0423841170793456
CODH.PWY	timepoint	timepoint	-0.785417399084758	0.318691114023828	63	47	0.0166012298576428	0.0423841170793456
PWY.5417	leachate	leachate	0.096527754856634	0.0393957237411858	63	63	0.017575584656431	0.0445320028411411
PWY.5431	leachate	leachate	0.096527754856634	0.0393957237411858	63	63	0.017575584656431	0.0445320028411411
PWY.5100	timepoint	timepoint	-0.122015379921702	0.0502895168604376	63	63	0.0183973608103479	0.0464716208848544
ARGSYNBSUB.PWY	timepoint	timepoint	0.00908422501920356	0.00374647892269305	63	63	0.0187927609488686	0.0473256723895288
PWY.1541	leachate	leachate	-0.13431745652229	0.0558162238300402	63	63	0.0196913894025171	0.0494379563722769
P241.PWY	timepoint	timepoint	-0.810124286096965	0.341307430255668	63	36	0.0208349245404415	0.0521504474860749
P23.PWY	timepoint	timepoint	-0.167202824513165	0.0707819463128871	63	63	0.0217626498303403	0.0543080022956528
P108.PWY	leachate	leachate	-0.147290985368939	0.0623603771375159	63	63	0.0220380178136937	0.0548295262473223
PWY.6182	leachate	leachate	0.0919460135144587	0.0393740293950334	63	63	0.0233151866042369	0.0578328652705696
PWY.5180	timepoint	timepoint	0.0841541758437615	0.0364044012939891	63	63	0.0242476775641067	0.0597868109491109
PWY.5182	timepoint	timepoint	0.0841541758437615	0.0364044012939891	63	63	0.0242476775641067	0.0597868109491109
P562.PWY	timepoint	timepoint	-0.118543747083502	0.0515079642625922	63	63	0.0255085431829247	0.0627085019913566
P122.PWY	leachate	leachate	-0.263017829287369	0.114551927913421	63	63	0.0257447678935876	0.0630868546405777
PWYG.321	leachate	leachate	-0.0261945504187471	0.0114162873979507	63	63	0.0258152020199943	0.0630868546405777
GALACT.GLUCUROCAT.PWY	timepoint	timepoint	-0.28683662183491	0.125743236022217	63	63	0.0263292081940398	0.0641531739477194
PWY.6956	timepoint	timepoint	-0.134856931129599	0.0597841495778178	63	4	0.0278681819564578	0.0677032891059827
PWY.5427	timepoint	timepoint	-0.135124626224995	0.0600122581764831	63	4	0.0281430120926085	0.0681704633093684
P124.PWY	leachate	leachate	-0.261139436822046	0.116429298059122	63	63	0.0291992989674708	0.070522283471143
PWY.6263	leachate	leachate	-0.20019053611254	0.0893784416928098	63	62	0.02935594625937	0.0706939114001155
DENITRIFICATION.PWY	timepoint	timepoint	0.127905698908076	0.0581191077123212	63	63	0.0321098392082693	0.0771009511221815
PWY.5430	leachate	leachate	-0.188772072259579	0.0872936624698797	63	63	0.0352318487774017	0.084352194464156
CHLOROPHYLL.SYN	timepoint	timepoint	-0.641022116269145	0.297917033786132	63	58	0.0358055136117938	0.0854779024374037
ENTBACSYN.PWY	leachate	leachate	0.0771289711687832	0.0365622260932903	63	63	0.039677874194116	0.0944493489462243
ARGSYN.PWY	timepoint	timepoint	0.00699629339074103	0.00333752598443911	63	63	0.0408087028319922	0.0968620360322572
COLANSYN.PWY	timepoint	timepoint	0.0823666111206825	0.0397226748202727	63	63	0.0432240318081024	0.102301003648976
PWY.5529	timepoint	timepoint	-0.599970317642097	0.292351277759434	63	58	0.0448938537406022	0.105949494827821
PENTOSE.P.PWY	timepoint	timepoint	0.0283410538192377	0.0138424652624687	63	63	0.0451376791372655	0.106221432955502
PWY.5104	leachate	leachate	-0.00932342583551433	0.00460043742246602	63	63	0.0476424751278441	0.111797399021589
PWY.7315	leachate	leachate	-0.182396730050906	0.0908046221427805	63	63	0.0496134491676537	0.116092660092017
PWY.5659	timepoint	timepoint	-0.0140549736682442	0.00702478757274858	63	63	0.0499478164655449	0.116544905086271
PWY.6895	timepoint	timepoint	-0.0460062548361291	0.023007538433192	63	63	0.0507123551638824	0.117995508071456
PWY.6545	timepoint	timepoint	0.11346028048408	0.0570039000974188	63	63	0.0519500084811266	0.120535693835423
GLYOXYLATE.BYPASS	timepoint	timepoint	-0.00898582949995829	0.0045372977194197	63	63	0.0530468118709321	0.122735760799412
PWY.6317	timepoint	timepoint	-0.0638373948131382	0.0324581289318961	63	63	0.0539723075397406	0.124216998163921
PWY0.1533	timepoint	timepoint	0.13304533325523	0.0675480837290955	63	63	0.0539877752310506	0.124216998163921
PRPP.PWY	timepoint	timepoint	-0.0381792039658559	0.0194631489351353	63	63	0.0549104590853657	0.125988997790311
PWY.2942	timepoint	timepoint	-0.00579130615036763	0.00296065516321916	63	63	0.0555623739912161	0.126535944296388
PWY.5705	leachate	leachate	-0.116417228034433	0.0593674981734813	63	63	0.0553651156916446	0.126535944296388
PWY.7400	timepoint	timepoint	0.00650000482999516	0.00332200515093417	63	63	0.0556084113554343	0.126535944296388
PWY.181	leachate	leachate	-0.0966169300596167	0.0496884579664306	63	63	0.0573419496048322	0.129765617461894
PWY.6147	timepoint	timepoint	-0.00790947305582422	0.00407162738512043	63	63	0.0572900360646186	0.129765617461894
PWY0.162	timepoint	timepoint	0.00625847199711964	0.00326871915553916	63	63	0.0605321540219203	0.136610817546738
P621.PWY	timepoint	timepoint	-0.499765657125383	0.261604599210453	63	59	0.0610473941289501	0.137398222208482
HEMESYN2.PWY	timepoint	timepoint	0.00567851742479667	0.00300198277495332	63	63	0.0633752027775131	0.142249775799527
PWY.7286	leachate	leachate	-0.28656396991273	0.153729363995962	63	12	0.0677346327221406	0.151622782191025
GLUCOSE1PMETAB.PWY	leachate	leachate	0.0112784592420985	0.00611664637649397	63	63	0.0708948375411568	0.158190086809645
PWY.4984	leachate	leachate	-0.152703650382033	0.0828477232521786	63	63	0.0710514796687388	0.158190086809645
NONMEVIPP.PWY	leachate	leachate	0.00814798569508394	0.00443641561643102	63	63	0.0715760253694913	0.158503477091689
PWY.7560	leachate	leachate	0.00814798569508394	0.00443641561643102	63	63	0.0715760253694913	0.158503477091689
PWY.3661	timepoint	timepoint	0.108973753176115	0.0595747406379029	63	63	0.0727791609431349	0.160736863473341
P124.PWY	timepoint	timepoint	0.219563920085464	0.120476925033027	63	63	0.0740024895530212	0.163002816988788
FAO.PWY	timepoint	timepoint	-0.0100826433033558	0.00556157793685963	63	63	0.0752241338788627	0.16525301751048
PWY.5180	leachate	leachate	-0.0657473531809699	0.0364044012939891	63	63	0.0759304335390232	0.165922058474162
PWY.5182	leachate	leachate	-0.0657473531809699	0.0364044012939891	63	63	0.0759304335390232	0.165922058474162
ALL.CHORISMATE.PWY	leachate	leachate	0.11627758849525	0.0643963534373525	63	63	0.0766290342071094	0.167006813337922
PWY.6628	leachate	leachate	0.0111379841433182	0.00624803603678561	63	63	0.0804911960040034	0.174962441840281
CATECHOL.ORTHO.CLEAVAGE.PWY	leachate	leachate	0.0739064425876261	0.0415079590952421	63	63	0.0809327308393829	0.175460461084856
POLYAMINSYN3.PWY	timepoint	timepoint	-0.0313597032195859	0.0177248529515607	63	63	0.0826754003367093	0.177668164234714
PWY.5097	timepoint	timepoint	-0.00570800762436643	0.00322780506065892	63	63	0.0825821230201389	0.177668164234714
PWY.6478	leachate	leachate	0.107605300642311	0.0607987617288917	63	63	0.0828114324822818	0.177668164234714
TRNA.CHARGING.PWY	timepoint	timepoint	0.00625477225788298	0.00353506240055104	63	63	0.0826118172158429	0.177668164234714
FOLSYN.PWY	timepoint	timepoint	0.00729208813550602	0.00414122562564981	63	63	0.0841104988269979	0.179522666747029
PWY.6749	leachate	leachate	-0.112512021046862	0.0638353973667595	63	63	0.0839690472047401	0.179522666747029
PWY.5860	leachate	leachate	0.139065498959742	0.0791434662883077	63	63	0.0846548491929765	0.179755540959894
PWY.5862	leachate	leachate	0.139065498959742	0.0791434662883077	63	63	0.0846548491929765	0.179755540959894
P122.PWY	timepoint	timepoint	0.207934649598726	0.118552699473561	63	63	0.0851990195861237	0.180092184476939
PWY.7315	timepoint	timepoint	0.161583837594188	0.0922443290650113	63	63	0.0852494480998585	0.180092184476939
PWY.5845	leachate	leachate	0.135158763798384	0.0774064416322288	63	63	0.0865729575622817	0.181036108725176
PWY.5850	leachate	leachate	0.135158763798384	0.0774064416322288	63	63	0.0865729575622817	0.181036108725176
PWY.5896	leachate	leachate	0.135158763798384	0.0774064416322288	63	63	0.0865729575622817	0.181036108725176
PWY.5971	leachate	leachate	-0.221373812354531	0.126579673739844	63	63	0.0860316329048945	0.181036108725176
PWY.7323	leachate	leachate	-0.115620400915085	0.066579902784922	63	63	0.0886147597500358	0.184837857458408
PWY.7376	leachate	leachate	-0.0991666044191789	0.0576621141875276	63	63	0.0915294102064426	0.190436505870331
PWY.6478	timepoint	timepoint	0.108188082876158	0.0630878754033758	63	63	0.0923922682968164	0.191748777922538
PWY.5121	timepoint	timepoint	-0.0205802722723074	0.0121626755286836	63	63	0.096233262287765	0.199219735964145
P23.PWY	leachate	leachate	-0.115437692608991	0.0686259933953664	63	63	0.0984347320617834	0.203267721707583
PWY.1622	leachate	leachate	-0.174770817861008	0.104447725407523	63	63	0.100228720191468	0.206456166778436
PWY.5855	timepoint	timepoint	-0.010276373222247	0.00619796252236359	63	63	0.102985011804923	0.21003856728609
PWY.5856	timepoint	timepoint	-0.010276373222247	0.00619796252236359	63	63	0.102985011804923	0.21003856728609
PWY.5857	timepoint	timepoint	-0.010276373222247	0.00619796252236359	63	63	0.102985011804923	0.21003856728609
PWY.6708	timepoint	timepoint	-0.010276373222247	0.00619796252236359	63	63	0.102985011804923	0.21003856728609
PWY.7539	timepoint	timepoint	-0.0064495940359328	0.00390397187676754	63	63	0.104190167262374	0.211973098913105
PWY.6151	leachate	leachate	0.0109946587040218	0.00665673670315328	63	63	0.104455426754828	0.211990620391862
PWY1G.0	leachate	leachate	-0.212911478735901	0.129830709341576	63	62	0.106255676414011	0.215115658622483
P161.PWY	timepoint	timepoint	-0.0428330164028997	0.0261444739952801	63	63	0.107193425272659	0.216052537122854
PWY.6891	timepoint	timepoint	-0.076695638998805	0.0468063917236182	63	63	0.107241574116671	0.216052537122854
PWY.5104	timepoint	timepoint	-0.00765360397236314	0.0047105541602068	63	63	0.10981080973326	0.220154681649691
PWY.7328	timepoint	timepoint	-0.014980827883897	0.00922365478378371	63	63	0.109796227760689	0.220154681649691
KETOGLUCONMET.PWY	leachate	leachate	-0.172355639282232	0.106809548131673	63	63	0.112808603224602	0.225617206449204
SUCSYN.PWY	timepoint	timepoint	-0.0882509892545888	0.0547791641769209	63	63	0.113368002177678	0.226188332847252
PWY.6957	leachate	leachate	-0.326903321637387	0.202609528309581	63	43	0.113686927795537	0.226278077973767
X3.HYDROXYPHENYLACETATE.DEGRADATION.PWY	timepoint	timepoint	-0.13040267333464	0.0812896832398564	63	63	0.114243021775739	0.226838307660482
PWY.6992	leachate	leachate	-0.498037933528111	0.312957907774707	63	36	0.118101550405423	0.233937363632805
PWY.7528	timepoint	timepoint	-0.437453636869281	0.275895870883304	63	43	0.118445834475975	0.234058036548219
PWY.7347	timepoint	timepoint	-0.0966736738399594	0.0611563170846684	63	63	0.120130768624081	0.236821037908092
PWY.5505	leachate	leachate	-0.0840547944028389	0.0533901876715596	63	63	0.1215502864638	0.23904889671214
GLUCUROCAT.PWY	leachate	leachate	0.0675965593635623	0.0432593256616462	63	63	0.124201255736439	0.243682273725174
PWY.1501	leachate	leachate	-0.36229628450906	0.231932273743212	63	43	0.124832644630555	0.244340674087294
