"feature"	"metadata"	"value"	"name"	"coef"	"null_hypothesis"	"stderr"	"pval_individual"	"qval_individual"	"pval_joint"	"qval_joint"	"error"	"model"	"N"	"N_not_zero"
"PWY-1882"	"leachate"	".Q"	"leachate.Q"	-10.1786793002891	0	0.222654097896278	0	0	0	0	NA	"prevalence"	63	58
"PWY-6174"	"leachate"	".C"	"leachate.C"	8.45687044215383	0	0.147830708714626	0	0	0	0	NA	"prevalence"	63	41
"PWY-6174"	"leachate"	".C:hpf"	"leachate.C:hpf"	-5.84099812855199	0	0.151411350089617	0	0	0	0	NA	"prevalence"	63	41
"PWY-6174"	"leachate"	".Q"	"leachate.Q"	-6.38706362903863	0	0.14689418995527	0	0	0	0	NA	"prevalence"	63	41
"PWY-1882"	"leachate"	".Q:hpf"	"leachate.Q:hpf"	-5.59968238598891	0	0.167405078146021	2.5827594217288e-245	1.85752057610735e-242	5.1655188434572e-245	3.0290602498033e-242	NA	"prevalence"	63	58
"PWY-6174"	"leachate"	".Q:hpf"	"leachate.Q:hpf"	4.34485168242509	0	0.148610529119094	6.66697245368642e-188	3.9957388239094e-185	1.33339449073726e-187	6.51585441140274e-185	NA	"prevalence"	63	41
"PWY-1882"	"leachate"	".C:hpf"	"leachate.C:hpf"	-4.67851697112992	0	0.171809088563638	2.7976737715424e-163	1.4372049832095e-160	5.59534754308474e-163	2.34365128518921e-160	NA	"prevalence"	63	58
"PWY-6174"	"leachate"	".L"	"leachate.L"	-2.90320621966124	0	0.148550319665644	4.67757796755153e-85	2.10257129641441e-82	9.35515593510314e-85	3.4286646502153e-82	NA	"prevalence"	63	41
"PWY-6654"	"leachate"	".C"	"leachate.C"	7.62470201446798	0	0.398355569965323	1.16277631288074e-81	4.64593735679905e-79	2.32555262576146e-81	7.57613366525845e-79	NA	"prevalence"	63	35
"PWY-5198"	"leachate"	".C"	"leachate.C"	7.88752737100674	0	0.449478864407405	6.14375689696556e-69	2.20929498014882e-66	1.22875137939312e-68	3.60269904438062e-66	NA	"prevalence"	63	43
"PWY-6174"	"hpf"	"hpf"	"hpf"	-2.44835285381605	0	0.141128415675679	2.02798566051844e-67	6.62966948656756e-65	4.05597132103692e-67	1.08110071938911e-64	NA	"prevalence"	63	41
"PWY-6654"	"leachate"	".C:hpf"	"leachate.C:hpf"	-5.85649819689718	0	0.40177581300152	3.96132293550243e-48	1.18707643967223e-45	7.9226458710049e-48	1.9357664744822e-45	NA	"prevalence"	63	35
"PWY-6654"	"leachate"	".Q:hpf"	"leachate.Q:hpf"	5.08175243400433	0	0.377878871655379	3.15889687336808e-41	8.73799473587048e-39	6.31779374673621e-41	1.4249054819562e-38	NA	"prevalence"	63	35
"PWY-6654"	"leachate"	".Q"	"leachate.Q"	-5.04647879007852	0	0.379900237212376	2.87833738000245e-40	7.39321515606343e-38	5.75667476000494e-40	1.20561217116675e-37	NA	"prevalence"	63	35
"PWY-5198"	"leachate"	".Q"	"leachate.Q"	-5.13778215891303	0	0.430449641424665	7.69690158791889e-33	1.84520387401042e-30	1.53938031758379e-32	3.00897539410378e-30	NA	"prevalence"	63	43
"PWY-1882"	"leachate"	".L:hpf"	"leachate.L:hpf"	2.72623438199921	0	0.234394336730592	2.86806965393001e-31	6.44598654720771e-29	5.73613930786007e-31	1.05114752816536e-28	NA	"prevalence"	63	58
"PWY-1882"	"hpf"	"hpf"	"hpf"	2.01801208249871	0	0.179504925581996	2.53288279303595e-29	5.35779207279839e-27	5.06576558607191e-29	8.73695570491932e-27	NA	"prevalence"	63	58
"PWY-5198"	"leachate"	".C:hpf"	"leachate.C:hpf"	-4.76279112587222	0	0.432107084556241	2.98512024859078e-28	5.96360689662914e-26	5.97024049718158e-28	9.72485840985356e-26	NA	"prevalence"	63	43
"PWY-6174"	"leachate"	".L:hpf"	"leachate.L:hpf"	1.62364821958013	0	0.150565952942139	4.11305867751085e-27	7.78450473912053e-25	8.22611735502169e-27	1.26941979394335e-24	NA	"prevalence"	63	41
"PWY-6654"	"hpf"	"hpf"	"hpf"	-2.78699051821076	0	0.270541369685899	6.93481236047283e-25	1.24687926241301e-22	1.38696247209457e-24	2.03328698409064e-22	NA	"prevalence"	63	35
"PWY-5198"	"leachate"	".Q:hpf"	"leachate.Q:hpf"	4.43534258668363	0	0.478450820434589	1.85768841002549e-20	3.18107024878651e-18	3.715376820051e-20	5.18737373161406e-18	NA	"prevalence"	63	43
"PWY-5198"	"hpf"	"hpf"	"hpf"	-2.48218818659532	0	0.299264388012571	1.09227790411192e-16	1.78537788326658e-14	2.18455580822384e-16	2.91141710441468e-14	NA	"prevalence"	63	43
"DHGLUCONATE-PYR-CAT-PWY"	"hpf"	"hpf"	"hpf"	-1.55745436379583	-0.0348147970152442	0.12490790467733	3.35498353699042e-16	5.2454438256598e-14	6.70996707398082e-16	8.55374933083121e-14	NA	"abundance"	63	61
"PWY-5654"	"hpf"	"hpf"	"hpf"	0.777025034441028	-0.0348147970152442	0.0653961847937538	2.05979308313057e-15	3.08625663622397e-13	2.05979308313057e-15	2.51638054989118e-13	NA	"abundance"	63	63
"PWY-5647"	"hpf"	"hpf"	"hpf"	0.805212534555477	-0.0348147970152442	0.0706343078448121	6.66135287043746e-15	9.58168996883724e-13	6.66135287043746e-15	7.81243464644905e-13	NA	"abundance"	63	63
"PWY-6263"	"hpf"	"hpf"	"hpf"	-1.05102849772024	-0.0348147970152442	0.0885874258114203	7.63340144029177e-15	1.05575813766497e-12	1.52668028805835e-14	1.72162561714888e-12	NA	"abundance"	63	62
"PWY1G-0"	"hpf"	"hpf"	"hpf"	-1.28665241970475	-0.0348147970152442	0.112727458863926	1.16472718340547e-14	1.55124405612077e-12	2.32945436681094e-14	2.52961489018136e-12	NA	"abundance"	63	62
"PWY-6749"	"hpf"	"hpf"	"hpf"	-0.956078480671331	-0.0348147970152442	0.0847660519829941	6.14551847809042e-14	7.89260158829041e-12	6.14551847809042e-14	6.43523577777182e-12	NA	"abundance"	63	63
"PWY-6944"	"hpf"	"hpf"	"hpf"	-1.31637900147841	-0.0348147970152442	0.122510655157806	7.72724713289009e-14	9.58178644478371e-12	1.54544942657796e-13	1.56250266162985e-11	NA	"abundance"	63	62
"PWY-6654"	"leachate"	".L"	"leachate.L"	-2.86499288986626	0	0.384774830841952	9.62895574353456e-14	1.15419082845834e-11	1.92579114870682e-13	1.88213988266946e-11	NA	"prevalence"	63	35
"PWY-6397"	"hpf"	"hpf"	"hpf"	-1.37194810105093	-0.0348147970152442	0.134925129162152	3.92340345296819e-13	4.5511480054431e-11	7.84680690593484e-13	7.42156059619385e-11	NA	"abundance"	63	62
"PWY-6383"	"hpf"	"hpf"	"hpf"	-1.23940290254141	-0.0348147970152442	0.126660828310025	1.76595797761737e-12	1.98449527734751e-10	3.5319159552316e-12	3.23611799398096e-10	NA	"abundance"	63	62
"PWY-6404"	"hpf"	"hpf"	"hpf"	-1.1586363267942	-0.0348147970152442	0.113412202357172	2.50440650797871e-12	2.72904418263377e-10	5.00881301595114e-12	4.45025447356628e-10	NA	"abundance"	63	55
"HCAMHPDEG-PWY"	"hpf"	"hpf"	"hpf"	-1.22859352603458	-0.0348147970152442	0.127326598234869	3.83270635295341e-12	3.92439966439892e-10	7.66541270589212e-12	6.07182022668259e-10	NA	"abundance"	63	60
"PWY-6690"	"hpf"	"hpf"	"hpf"	-1.22859352603458	-0.0348147970152442	0.127326598234869	3.92876495879759e-12	3.92439966439892e-10	7.85752991757972e-12	6.07182022668259e-10	NA	"abundance"	63	60
"PWY0-1277"	"hpf"	"hpf"	"hpf"	-1.21760977740937	-0.0348147970152442	0.126101530231777	3.91897651647096e-12	3.92439966439892e-10	7.83795303292653e-12	6.07182022668259e-10	NA	"abundance"	63	60
"PWY-6210"	"hpf"	"hpf"	"hpf"	0.704664020114257	-0.0348147970152442	0.077717984555742	7.44330776409247e-12	7.23409046477744e-10	7.44330776409247e-12	6.07182022668259e-10	NA	"abundance"	63	63
"PWY-6505"	"hpf"	"hpf"	"hpf"	0.621171382444651	-0.0348147970152442	0.0672481774916334	7.86934408642355e-12	7.44688456178397e-10	7.86934408642355e-12	6.07182022668259e-10	NA	"abundance"	63	63
"PWY-7007"	"hpf"	"hpf"	"hpf"	-1.28580483264657	-0.0348147970152442	0.138980177017164	8.58577331039666e-12	7.91652328825292e-10	1.71715466207196e-11	1.25867436729875e-09	NA	"abundance"	63	62
"PWY-5655"	"hpf"	"hpf"	"hpf"	0.603942151473815	-0.0348147970152442	0.0659109081641796	1.13232451292762e-11	1.01795973712193e-09	1.13232451292762e-11	8.51275762026607e-10	NA	"abundance"	63	63
"PWY-7374"	"hpf"	"hpf"	"hpf"	-1.30101850387115	-0.0348147970152442	0.141670464557381	1.19754845030339e-11	1.05033761641244e-09	2.39509690059244e-11	1.71278636891147e-09	NA	"abundance"	63	61
"PWY-7616"	"hpf"	"hpf"	"hpf"	-1.27729588171658	-0.0348147970152442	0.143634896931228	2.73808877909e-11	2.34432553562087e-09	5.47617755810503e-11	3.82289347627713e-09	NA	"abundance"	63	62
"PWY0-41"	"hpf"	"hpf"	"hpf"	-1.74376062947764	-0.0348147970152442	0.200718216364825	4.40184712509075e-11	3.68117261902938e-09	8.80369424998771e-11	5.86646171385544e-09	NA	"abundance"	63	59
"PWY-5304"	"hpf"	"hpf"	"hpf"	-1.17487429386654	-0.0348147970152442	0.136541590276013	7.71316259157627e-11	6.30375742711551e-09	7.71316259157627e-11	5.25930063220968e-09	NA	"abundance"	63	63
"PWY-6629"	"hpf"	"hpf"	"hpf"	-1.70268652846022	-0.0348147970152442	0.200508365300173	1.06331618935549e-10	8.49707781538296e-09	2.12663237859791e-10	1.35549698566284e-08	NA	"abundance"	63	57
"PWY-7371"	"hpf"	"hpf"	"hpf"	-0.861470694615309	-0.0348147970152442	0.0988664293072516	1.5547125874018e-10	1.21537966615149e-08	1.5547125874018e-10	1.0129816236138e-08	NA	"abundance"	63	63
"PWY-7373"	"hpf"	"hpf"	"hpf"	-0.872194312318438	-0.0348147970152442	0.10177357635385	2.23720046812218e-10	1.71169635816327e-08	2.23720046812218e-10	1.39563229202856e-08	NA	"abundance"	63	63
"PWY-6470"	"hpf"	"hpf"	"hpf"	-1.20561851650373	-0.0348147970152442	0.149554164720986	4.84244142636366e-10	3.62779570191744e-08	9.68488285038239e-10	5.91584927444191e-08	NA	"abundance"	63	62
"PWY-5183"	"hpf"	"hpf"	"hpf"	-1.16493362568257	-0.0348147970152442	0.143109706298922	5.57078590070385e-10	4.08827471406756e-08	1.11415717983043e-09	6.66675275767923e-08	NA	"abundance"	63	60
"PWY-7255"	"hpf"	"hpf"	"hpf"	-1.23066835534033	-0.0348147970152442	0.160023287764799	1.76545399291244e-09	1.26971451170262e-07	3.53090798270804e-09	2.07052444105999e-07	NA	"abundance"	63	61
"GLYCOL-GLYOXDEG-PWY"	"hpf"	"hpf"	"hpf"	-1.51440519734389	-0.0348147970152442	0.199503154748473	1.91509816287682e-09	1.35033195955001e-07	3.83019632208603e-09	2.20198737575613e-07	NA	"abundance"	63	60
"PWY-5005"	"hpf"	"hpf"	"hpf"	-1.15391020618025	-0.0348147970152442	0.153082490212674	2.97595483660638e-09	2.05798722931472e-07	5.95190966435643e-09	3.35596137228713e-07	NA	"abundance"	63	62
"PWY-6948"	"hpf"	"hpf"	"hpf"	-1.04911502510617	-0.0348147970152442	0.133217521414233	3.05989296593134e-09	2.07610851046964e-07	6.11978592249971e-09	3.38551175939041e-07	NA	"abundance"	63	54
"PWY-5971"	"hpf"	"hpf"	"hpf"	-1.00636669721387	-0.0348147970152442	0.140758165336714	1.32115156483615e-08	8.79789079102e-07	1.32115156483615e-08	7.17336368166591e-07	NA	"abundance"	63	63
"PWY-7295"	"hpf"	"hpf"	"hpf"	-1.44799302619945	-0.0348147970152442	0.206368949593455	1.49396240741958e-08	9.76779784923781e-07	2.98792479251991e-08	1.51044749856351e-06	NA	"abundance"	63	58
"RHAMCAT-PWY"	"hpf"	"hpf"	"hpf"	-1.40741843411433	-0.0348147970152442	0.202063564821867	1.54591934363509e-08	9.92701064234245e-07	1.54591934363509e-08	8.2411554827965e-07	NA	"abundance"	63	61
"PWY0-1338"	"hpf"	"hpf"	"hpf"	-1.71137797824917	-0.0348147970152442	0.249415917704795	1.62219272464557e-08	1.02340439260096e-06	1.62219272464557e-08	8.49333762260861e-07	NA	"abundance"	63	62
"P461-PWY"	"hpf"	"hpf"	"hpf"	-0.43891613898323	-0.0348147970152442	0.0512610101374688	2.14372423239666e-08	1.32910902408593e-06	2.14372423239666e-08	1.1027016577872e-06	NA	"abundance"	63	63
"PWY-5198"	"leachate"	".L"	"leachate.L"	-2.40231409853576	0	0.434887877611328	3.31395829371888e-08	2.01982949562934e-06	6.62791647761456e-08	3.03641423630717e-06	NA	"prevalence"	63	43
"ARGDEG-PWY"	"hpf"	"hpf"	"hpf"	-1.7508343652218	-0.0348147970152442	0.266578708397511	4.24052773937009e-08	2.49982586078276e-06	4.24052773937009e-08	2.07220455530551e-06	NA	"abundance"	63	63
"ORNARGDEG-PWY"	"hpf"	"hpf"	"hpf"	-1.7508343652218	-0.0348147970152442	0.266578708397511	4.23658782297043e-08	2.49982586078276e-06	4.23658782297043e-08	2.07220455530551e-06	NA	"abundance"	63	63
"P441-PWY"	"hpf"	"hpf"	"hpf"	-1.18835898804562	-0.0348147970152442	0.178961815136485	5.05780927134108e-08	2.93352937737782e-06	5.05780927134108e-08	2.43106504648722e-06	NA	"abundance"	63	63
"P261-PWY"	"hpf"	"hpf"	"hpf"	-1.25425916038345	-0.0348147970152442	0.187825468498843	5.17266069789115e-08	2.95252188406612e-06	5.17266069789115e-08	2.44616793003498e-06	NA	"abundance"	63	60
"GLCMANNANAUT-PWY"	"hpf"	"hpf"	"hpf"	-1.22469482161888	-0.0348147970152442	0.185420198588291	5.42303843864527e-08	3.04706972271381e-06	5.42303843864527e-08	2.52386487335047e-06	NA	"abundance"	63	63
"PWY-5507"	"hpf"	"hpf"	"hpf"	-1.26385015848469	-0.0348147970152442	0.188643127014991	5.58667813225219e-08	3.09072224055059e-06	1.11733559523946e-07	4.96367873521531e-06	NA	"abundance"	63	58
"PWY-7377"	"hpf"	"hpf"	"hpf"	-1.17853357438718	-0.0348147970152442	0.180590032847583	9.261153686012e-08	5.0459255537726e-06	1.85223065143343e-07	7.75820038571831e-06	NA	"abundance"	63	60
"PWY-5651"	"hpf"	"hpf"	"hpf"	0.529678902581823	-0.0348147970152442	0.0853094829805798	1.04716005275547e-07	5.62027992493831e-06	1.04716005275547e-07	4.72349734566006e-06	NA	"abundance"	63	63
"PWY-6174"	"hpf"	"hpf"	"hpf"	-1.17449981641895	-0.0348147970152442	0.165231905962556	1.06449513549089e-07	5.62930074591949e-06	4.05597132103692e-67	1.08110071938911e-64	NA	"abundance"	63	41
"NADSYN-PWY"	"hpf"	"hpf"	"hpf"	0.510577868538549	-0.0348147970152442	0.0829593830189773	1.32456625613601e-07	6.89419529310554e-06	1.32456625613601e-07	5.78651378147689e-06	NA	"abundance"	63	63
"PWY0-1297"	"hpf"	"hpf"	"hpf"	0.230563238363394	-0.0348147970152442	0.0278908488273684	1.34202911712288e-07	6.89419529310554e-06	1.34202911712288e-07	5.78651378147689e-06	NA	"abundance"	63	63
"FUCCAT-PWY"	"hpf"	"hpf"	"hpf"	-1.2165707083752	-0.0348147970152442	0.19288341084617	1.60383774277332e-07	8.12309932818711e-06	1.60383774277332e-07	6.81514820552372e-06	NA	"abundance"	63	63
"PWY-6641"	"hpf"	"hpf"	"hpf"	0.549054605325141	-0.0348147970152442	0.0919744031808775	2.10863673087666e-07	1.05314690058784e-05	2.10863673087666e-07	8.70777872525404e-06	NA	"abundance"	63	63
"PWY-6349"	"hpf"	"hpf"	"hpf"	-1.15867439644884	-0.0348147970152442	0.15023160796238	2.60408106289167e-07	1.2827774660491e-05	2.60408106289167e-07	1.06043967727755e-05	NA	"abundance"	63	30
"PWY-6350"	"hpf"	"hpf"	"hpf"	-1.1533459160564	-0.0348147970152442	0.149720547606749	2.67920880721794e-07	1.30195065821023e-05	2.67920880721794e-07	1.07608770174836e-05	NA	"abundance"	63	30
"FUC-RHAMCAT-PWY"	"hpf"	"hpf"	"hpf"	-1.57490321837979	-0.0348147970152442	0.257774338175271	3.01237683075838e-07	1.44433427778762e-05	6.02475275407534e-07	2.15421647255474e-05	NA	"abundance"	63	59
"GLUCARDEG-PWY"	"hpf"	"hpf"	"hpf"	-1.69126422634827	-0.0348147970152442	0.282120790116654	3.48426769109069e-07	1.64860876541607e-05	3.48426769109069e-07	1.38052336084837e-05	NA	"abundance"	63	62
"PWY-6396"	"hpf"	"hpf"	"hpf"	-0.859210677460423	-0.0348147970152442	0.138447555118571	3.8520153608076e-07	1.79894119967066e-05	3.8520153608076e-07	1.50588120505172e-05	NA	"abundance"	63	63
"PWY-4361"	"hpf"	"hpf"	"hpf"	-1.19769965219165	-0.0348147970152442	0.195567066063132	4.11014605391189e-07	1.87855776888348e-05	8.22029041849373e-07	2.86927279845519e-05	NA	"abundance"	63	56
"PWY-6185"	"hpf"	"hpf"	"hpf"	-0.80610118833585	-0.0348147970152442	0.129385643626224	4.17921639351164e-07	1.87855776888348e-05	4.17921639351164e-07	1.61229769286528e-05	NA	"abundance"	63	63
"PWY-7527"	"hpf"	"hpf"	"hpf"	-1.19507179339303	-0.0348147970152442	0.195179618107031	4.17154195633843e-07	1.87855776888348e-05	8.34308217250064e-07	2.87787257997316e-05	NA	"abundance"	63	56
"PWY-6728"	"hpf"	"hpf"	"hpf"	-0.63606062088646	-0.0348147970152442	0.0987295525274651	4.36313414544447e-07	1.93626174707003e-05	4.36313414544447e-07	1.66139082005756e-05	NA	"abundance"	63	63
"PWY0-1296"	"hpf"	"hpf"	"hpf"	0.231085387670087	-0.0348147970152442	0.0318037600597951	4.46912472210267e-07	1.93626174707003e-05	4.46912472210267e-07	1.67993252374424e-05	NA	"abundance"	63	63
"PWY-5198"	"leachate"	".L:hpf"	"leachate.L:hpf"	1.98183890037428	0	0.392499972709662	4.43498210916539e-07	1.93626174707003e-05	8.86996225142416e-07	3.00416782126833e-05	NA	"prevalence"	63	43
"GALACTARDEG-PWY"	"hpf"	"hpf"	"hpf"	-1.62392565641873	-0.0348147970152442	0.276195515937951	5.38733432028402e-07	2.27915931949898e-05	5.38733432028402e-07	1.97445802838409e-05	NA	"abundance"	63	62
"GLUCARGALACTSUPER-PWY"	"hpf"	"hpf"	"hpf"	-1.62392565641873	-0.0348147970152442	0.276195515937951	5.34754349495634e-07	2.27915931949898e-05	5.34754349495634e-07	1.97445802838409e-05	NA	"abundance"	63	62
"PWY-5178"	"hpf"	"hpf"	"hpf"	-1.43350121060174	-0.0348147970152442	0.243721206296144	5.62432146515814e-07	2.35175116147775e-05	5.62432146515814e-07	2.0358654982523e-05	NA	"abundance"	63	63
"PWY-2941"	"hpf"	"hpf"	"hpf"	-1.08867939777389	-0.0348147970152442	0.185041605780471	7.34871952984804e-07	3.03747073900386e-05	1.46974336593282e-06	4.73199264774686e-05	NA	"abundance"	63	62
"P125-PWY"	"hpf"	"hpf"	"hpf"	-0.944397305054079	-0.0348147970152442	0.15906355878704	7.74664191882635e-07	3.16555958410222e-05	7.74664191882635e-07	2.7365245910842e-05	NA	"abundance"	63	63
"PWY-5431"	"hpf"	"hpf"	"hpf"	-0.362246876291972	-0.0348147970152442	0.0483107445185966	8.9141405337771e-07	3.60171341117556e-05	8.9141405337771e-07	3.00416782126833e-05	NA	"abundance"	63	63
"PWY-5417"	"hpf"	"hpf"	"hpf"	-0.362246876291972	-0.0348147970152442	0.0483107445185966	9.20066591247083e-07	3.67617718013835e-05	9.20066591247083e-07	3.06549459720051e-05	NA	"abundance"	63	63
"CENTFERM-PWY"	"hpf"	"hpf"	"hpf"	-1.03494874584684	-0.0348147970152442	0.178030217337489	9.92393988839676e-07	3.87896606942117e-05	1.98478699283352e-06	6.19084623722116e-05	NA	"abundance"	63	62
"PWY-6590"	"hpf"	"hpf"	"hpf"	-1.03328176500171	-0.0348147970152442	0.177717456588022	9.91418589828324e-07	3.87896606942117e-05	1.98283619674583e-06	6.19084623722116e-05	NA	"abundance"	63	62
"PWY490-3"	"hpf"	"hpf"	"hpf"	-1.11152621481265	-0.0348147970152442	0.191958044408524	1.01080901351318e-06	3.90846151891761e-05	1.01080901351318e-06	3.32999104227037e-05	NA	"abundance"	63	63
"ECASYN-PWY"	"hpf"	"hpf"	"hpf"	-1.86020736277506	-0.0348147970152442	0.330979335922097	1.38408726860835e-06	5.29487001905917e-05	2.76817262151913e-06	8.43058447824929e-05	NA	"abundance"	63	59
"PWY0-1298"	"hpf"	"hpf"	"hpf"	0.213622281723128	-0.0348147970152442	0.0307040729768515	1.40351538316301e-06	5.31267507142544e-05	1.40351538316301e-06	4.5723412260377e-05	NA	"abundance"	63	63
"PWY-7003"	"hpf"	"hpf"	"hpf"	-1.14512410333211	-0.0348147970152442	0.20219794364821	1.4847998758278e-06	5.56181286820497e-05	1.4847998758278e-06	4.73199264774686e-05	NA	"abundance"	63	63
"PWY-7391"	"hpf"	"hpf"	"hpf"	-0.967808295453363	-0.0348147970152442	0.169722771718728	1.58938636392926e-06	5.89219934504086e-05	3.17877020170951e-06	9.51036146062478e-05	NA	"abundance"	63	62
"LACTOSECAT-PWY"	"hpf"	"hpf"	"hpf"	-1.00245334539367	-0.0348147970152442	0.178432781984357	1.9818934509666e-06	7.27233556089377e-05	3.96378297403155e-06	0.000116218116798605	NA	"abundance"	63	62
"PWY-6471"	"hpf"	"hpf"	"hpf"	-1.04323872921294	-0.0348147970152442	0.186334081365975	2.00442060666202e-06	7.28070353692588e-05	4.00883719562207e-06	0.000116375353045187	NA	"abundance"	63	62
"PWY-1882"	"leachate"	".C"	"leachate.C"	1.06015909832626	0	0.223660069078613	2.13669315097559e-06	7.68354857090823e-05	4.27338173649356e-06	0.000122838776974501	NA	"prevalence"	63	58
"PWY-6182"	"hpf"	"hpf"	"hpf"	-0.344284084658661	-0.0348147970152442	0.0479444914603602	2.4811800777288e-06	8.83398372228985e-05	2.4811800777288e-06	7.65770525042193e-05	NA	"abundance"	63	63
"HEXITOLDEGSUPER-PWY"	"hpf"	"hpf"	"hpf"	-1.16449968812537	-0.0348147970152442	0.212732706986611	2.78910878032122e-06	9.83297566081873e-05	2.78910878032122e-06	8.43058447824929e-05	NA	"abundance"	63	63
"P164-PWY"	"hpf"	"hpf"	"hpf"	-1.10997378233666	-0.0348147970152442	0.202376254805947	3.03791921181971e-06	0.000106061723162172	6.07582919468628e-06	0.000171291646142502	NA	"abundance"	63	62
"PWY-6713"	"hpf"	"hpf"	"hpf"	-1.36111027205122	-0.0348147970152442	0.237054514245608	3.24448300859823e-06	0.000112184239412685	6.48895549052646e-06	0.000179486957530411	NA	"abundance"	63	43
"PWY-6165"	"hpf"	"hpf"	"hpf"	-1.20097871763559	-0.0348147970152442	0.193164490625721	3.71275711044644e-06	0.000125953533671372	3.71275711044644e-06	0.000109957614624535	NA	"abundance"	63	33
"PWY-7528"	"hpf"	"hpf"	"hpf"	-1.16800586757509	-0.0348147970152442	0.203795312506973	3.68873253880012e-06	0.000125953533671372	7.37745147085249e-06	0.000202155959930276	NA	"abundance"	63	43
"P163-PWY"	"hpf"	"hpf"	"hpf"	-1.26892454933328	-0.0348147970152442	0.231363512395513	4.34897467949089e-06	0.000146158064929432	8.69793044540102e-06	0.000236132704314035	NA	"abundance"	63	51
"PWY-6654"	"hpf"	"hpf"	"hpf"	-0.970635241454982	-0.0348147970152442	0.159155516670911	4.55839866308603e-06	0.000151132582647348	1.38696247209457e-24	2.03328698409064e-22	NA	"abundance"	63	35
"TEICHOICACID-PWY"	"hpf"	"hpf"	"hpf"	-0.905309600841668	-0.0348147970152442	0.167918124982964	4.58104880660761e-06	0.000151132582647348	4.58104880660761e-06	0.000130404224281296	NA	"abundance"	63	63
"PWY-6654"	"leachate"	".L:hpf"	"leachate.L:hpf"	1.6914526933274	0	0.369504862121832	4.70296946845416e-06	0.000153744347350556	9.40591681898649e-06	0.000253010533149251	NA	"prevalence"	63	35
"PWY-5265"	"hpf"	"hpf"	"hpf"	-1.03577502330175	-0.0348147970152442	0.19417723643223	4.87061402840748e-06	0.000157790342758138	9.74120433393395e-06	0.000259647373700858	NA	"abundance"	63	62
"ORNDEG-PWY"	"hpf"	"hpf"	"hpf"	-0.906948932940235	-0.0348147970152442	0.154744649541746	5.02308581373653e-06	0.000161276933805327	1.0046146396082e-05	0.000265363074173985	NA	"abundance"	63	41
"PWY-5741"	"hpf"	"hpf"	"hpf"	0.399363654370333	-0.0348147970152442	0.0797373334414849	6.36200582500774e-06	0.000202458167670158	6.36200582500774e-06	0.000177651438846883	NA	"abundance"	63	63
"PWY-5181"	"hpf"	"hpf"	"hpf"	-0.686239109709486	-0.0348147970152442	0.129437486437678	1.03052313583753e-05	0.000325066771620329	1.03052313583753e-05	0.000269776235203181	NA	"abundance"	63	63
"PWY-7446"	"hpf"	"hpf"	"hpf"	-1.5450983491477	-0.0348147970152442	0.306398327642985	1.13568063977557e-05	0.000355122398315907	2.27134838184598e-05	0.000554966121297701	NA	"abundance"	63	57
"HOMOSER-METSYN-PWY"	"hpf"	"hpf"	"hpf"	0.175098717141703	-0.0348147970152442	0.0274336465419265	1.236706446583e-05	0.000383378998440731	1.236706446583e-05	0.00032088701782136	NA	"abundance"	63	63
"PWY0-845"	"hpf"	"hpf"	"hpf"	-0.444244004281147	-0.0348147970152442	0.079543882121763	1.666036531921e-05	0.000512057040067342	1.666036531921e-05	0.000428492904525646	NA	"abundance"	63	63
"PWY-7332"	"hpf"	"hpf"	"hpf"	0.518709591083232	-0.0348147970152442	0.112085998004583	1.70308254880429e-05	0.00051900719029663	1.70308254880429e-05	0.000434212002877755	NA	"abundance"	63	63
"GLUCUROCAT-PWY"	"hpf"	"hpf"	"hpf"	-0.31011900396572	-0.0348147970152442	0.0475327766073192	1.76432567596909e-05	0.000533152531998728	1.76432567596909e-05	0.000445948524305292	NA	"abundance"	63	63
"ENTBACSYN-PWY"	"hpf"	"hpf"	"hpf"	-0.320336028602659	-0.0348147970152442	0.0501561588466444	1.80037384480826e-05	0.000539512028827541	1.80037384480826e-05	0.000451170607946821	NA	"abundance"	63	63
"CATECHOL-ORTHO-CLEAVAGE-PWY"	"hpf"	"hpf"	"hpf"	-0.318094116350224	-0.0348147970152442	0.0499896211953913	1.90801269148941e-05	0.000567042449470737	1.90801269148941e-05	0.000474092645037877	NA	"abundance"	63	63
"THREOCAT-PWY"	"hpf"	"hpf"	"hpf"	-1.15282708046146	-0.0348147970152442	0.226878660307256	2.19016501974421e-05	0.000645560115655753	2.19016501974421e-05	0.00053962721326807	NA	"abundance"	63	45
"PPGPPMET-PWY"	"hpf"	"hpf"	"hpf"	0.157224402181043	-0.0348147970152442	0.0243378416274047	2.59423705839562e-05	0.000758445240812248	2.59423705839562e-05	0.00062862008720793	NA	"abundance"	63	63
"PWY-7198"	"hpf"	"hpf"	"hpf"	-1.39198558914331	-0.0348147970152442	0.212197696155176	2.68604141565034e-05	0.000772720394454289	2.68604141565034e-05	0.000640282392738764	NA	"abundance"	63	21
"PWY-7210"	"hpf"	"hpf"	"hpf"	-1.39193628646466	-0.0348147970152442	0.212188156158535	2.66861251315215e-05	0.000772720394454289	2.66861251315215e-05	0.000640282392738764	NA	"abundance"	63	21
"P281-PWY"	"hpf"	"hpf"	"hpf"	-0.328872436663352	-0.0348147970152442	0.0549821197744837	3.06023367498626e-05	0.000873380975813539	3.06023367498626e-05	0.000723597188311268	NA	"abundance"	63	63
"PWY-6906"	"hpf"	"hpf"	"hpf"	-0.289625853687677	-0.0348147970152442	0.0446474081050127	3.16033072369778e-05	0.000894846400190333	3.16033072369778e-05	0.000741287174550552	NA	"abundance"	63	63
"PWY-4722"	"hpf"	"hpf"	"hpf"	-0.658820301566008	-0.0348147970152442	0.133330161825075	3.39903142202944e-05	0.000954915390126395	3.39903142202944e-05	0.000790949216618278	NA	"abundance"	63	63
"ASPASN-PWY"	"hpf"	"hpf"	"hpf"	-0.259189252052052	-0.0348147970152442	0.0366355568241399	3.74101736467122e-05	0.00104284484057036	3.74101736467122e-05	0.000863674245135119	NA	"abundance"	63	63
"PWY-5861"	"hpf"	"hpf"	"hpf"	-0.279284094475187	-0.0348147970152442	0.042779708791815	4.01226504833019e-05	0.00110985423952272	4.01226504833019e-05	0.000919059462633134	NA	"abundance"	63	63
"PWY-6148"	"hpf"	"hpf"	"hpf"	0.609314306952119	-0.0348147970152442	0.140358354782428	4.29325660362797e-05	0.00117851532417146	4.29325660362797e-05	0.000975800648204435	NA	"abundance"	63	63
"PWY-6562"	"hpf"	"hpf"	"hpf"	-0.23494152091729	-0.0348147970152442	0.0295794962701552	4.36440593504201e-05	0.00118896998048569	4.36440593504201e-05	0.000984341400118706	NA	"abundance"	63	63
"PWY-6957"	"hpf"	"hpf"	"hpf"	-1.04071025272875	-0.0348147970152442	0.212093140026083	4.41943868234932e-05	0.00119490988734798	8.83868205031599e-05	0.00177500108024154	NA	"abundance"	63	43
"PWY0-1415"	"hpf"	"hpf"	"hpf"	-0.253812109832396	-0.0348147970152442	0.0358452379736036	4.54986184486785e-05	0.00122099277568245	4.54986184486785e-05	0.001018335490775	NA	"abundance"	63	63
"PWY-5677"	"hpf"	"hpf"	"hpf"	-0.917900092794647	-0.0348147970152442	0.193580476302309	4.74416703397588e-05	0.00126370552993906	4.74416703397588e-05	0.00105378013209222	NA	"abundance"	63	54
"PWY-5863"	"hpf"	"hpf"	"hpf"	-0.296324009680288	-0.0348147970152442	0.0484478673232933	4.80645515532063e-05	0.00127088328959801	4.80645515532063e-05	0.00105958845980452	NA	"abundance"	63	63
"PWY-5837"	"hpf"	"hpf"	"hpf"	-0.305228350678869	-0.0348147970152442	0.0509197121105994	4.84974609219535e-05	0.001272969850185	4.84974609219535e-05	0.00106115339868036	NA	"abundance"	63	63
"METHGLYUT-PWY"	"hpf"	"hpf"	"hpf"	-1.43502467599579	-0.0348147970152442	0.316800762189415	5.29658071699129e-05	0.0013801814679928	5.29658071699129e-05	0.00115033886386804	NA	"abundance"	63	63
"GALLATE-DEGRADATION-I-PWY"	"hpf"	"hpf"	"hpf"	-0.349741611533384	-0.0348147970152442	0.0647204425798115	7.10735427409794e-05	0.00183360915833291	7.10735427409794e-05	0.00152777191062351	NA	"abundance"	63	63
"METHYLGALLATE-DEGRADATION-PWY"	"hpf"	"hpf"	"hpf"	-0.348245043714778	-0.0348147970152442	0.064431598325335	7.13863409807028e-05	0.00183360915833291	7.13863409807028e-05	0.00152777191062351	NA	"abundance"	63	63
"GALLATE-DEGRADATION-II-PWY"	"hpf"	"hpf"	"hpf"	-0.349085486926392	-0.0348147970152442	0.0647892252079561	7.35958496299758e-05	0.00187695514375456	7.35958496299758e-05	0.00156364515300789	NA	"abundance"	63	63
"PWY-6338"	"hpf"	"hpf"	"hpf"	-0.344838599326659	-0.0348147970152442	0.0637394397399505	7.48851511186179e-05	0.00188722843488824	7.48851511186179e-05	0.00157172570567734	NA	"abundance"	63	63
"PWY-7097"	"hpf"	"hpf"	"hpf"	-0.344838599326558	-0.0348147970152442	0.0637394397399	7.50482942683587e-05	0.00188722843488824	7.50482942683587e-05	0.00157172570567734	NA	"abundance"	63	63
"P184-PWY"	"hpf"	"hpf"	"hpf"	-0.346802795277309	-0.0348147970152442	0.0643700683153132	7.68234913260473e-05	0.001892746843084	7.68234913260473e-05	0.00157562778886535	NA	"abundance"	63	63
"PWY-1861"	"hpf"	"hpf"	"hpf"	-0.809061011966565	-0.0348147970152442	0.177344694884413	7.65866474877612e-05	0.001892746843084	7.65866474877612e-05	0.00157562778886535	NA	"abundance"	63	63
"RUMP-PWY"	"hpf"	"hpf"	"hpf"	-0.810055360304304	-0.0348147970152442	0.177618711620989	7.68467850640333e-05	0.001892746843084	7.68467850640333e-05	0.00157562778886535	NA	"abundance"	63	63
"PWY-6565"	"hpf"	"hpf"	"hpf"	-0.270495374007182	-0.0348147970152442	0.0437051534661996	8.26037042785569e-05	0.00202070014003871	8.26037042785569e-05	0.00168190320100506	NA	"abundance"	63	63
"PWY-7046"	"hpf"	"hpf"	"hpf"	-1.10369199751868	-0.0348147970152442	0.241586632556894	8.5901365995062e-05	0.00208717102782597	0.000171795352945444	0.00322887163356437	NA	"abundance"	63	47
"PWY-7098"	"hpf"	"hpf"	"hpf"	-0.338509101680169	-0.0348147970152442	0.0629699794334371	8.71389568011737e-05	0.00210303146749678	8.71389568011737e-05	0.00176200980235201	NA	"abundance"	63	63
"PWY-5898"	"hpf"	"hpf"	"hpf"	-0.258230515910147	-0.0348147970152442	0.0404077207565139	8.93799620311078e-05	0.00214096548787874	8.93799620311078e-05	0.00178102157874276	NA	"abundance"	63	63
"PWY-5899"	"hpf"	"hpf"	"hpf"	-0.258230515910147	-0.0348147970152442	0.0404077207565139	8.99014985177111e-05	0.00214096548787874	8.99014985177111e-05	0.00178102157874276	NA	"abundance"	63	63
"PWY-5897"	"hpf"	"hpf"	"hpf"	-0.258230515910147	-0.0348147970152442	0.0404077207565139	9.10291418599964e-05	0.00215355785610886	9.10291418599964e-05	0.00179125801297657	NA	"abundance"	63	63
"PWY-7013"	"hpf"	"hpf"	"hpf"	-1.18425561571027	-0.0348147970152442	0.264201409729092	0.000101609291457551	0.00238815040576048	0.000203208258466992	0.00374721140770578	NA	"abundance"	63	49
"PWY-621"	"hpf"	"hpf"	"hpf"	0.163324600344161	-0.0348147970152442	0.0329635772019154	0.000104248875691059	0.00243427894146135	0.000104248875691059	0.00203771802350789	NA	"abundance"	63	63
"PWY-5838"	"hpf"	"hpf"	"hpf"	-0.250348861593622	-0.0348147970152442	0.0389852374029196	0.000111039987779646	0.0025761277164878	0.000111039987779646	0.00215608770973459	NA	"abundance"	63	63
"PWY-5022"	"hpf"	"hpf"	"hpf"	-0.228230994726639	-0.0348147970152442	0.0327817505749165	0.000140788904932652	0.0032453647572937	0.000140788904932652	0.00271574387672722	NA	"abundance"	63	63
"PWY-3781"	"hpf"	"hpf"	"hpf"	0.14177349664882	-0.0348147970152442	0.0268781324481125	0.000148142068901196	0.00339311388387707	0.000148142068901196	0.00283890552953141	NA	"abundance"	63	63
"PWY-7199"	"hpf"	"hpf"	"hpf"	0.139960750614138	-0.0348147970152442	0.0261880949910677	0.000149563390672726	0.00340398704341217	0.000149563390672726	0.00284753156787294	NA	"abundance"	63	63
"PWY-6876"	"hpf"	"hpf"	"hpf"	-1.07446507573773	-0.0348147970152442	0.252761735303908	0.000152860505943646	0.00345714704008396	0.000152860505943646	0.00289152905436625	NA	"abundance"	63	63
"PWY-181"	"hpf"	"hpf"	"hpf"	0.249024036455118	-0.0348147970152442	0.0615599387021328	0.000173833787153023	0.0038826478174054	0.000173833787153023	0.00324637365562205	NA	"abundance"	63	63
"ORNDEG-PWY"	"hpf"	"hpf"	"hpf"	-1.39159950017723	0	0.370616039959523	0.000173460525034928	0.0038826478174054	1.0046146396082e-05	0.000265363074173985	NA	"prevalence"	63	41
"PWY-5705"	"hpf"	"hpf"	"hpf"	0.330175697447657	-0.0348147970152442	0.0840878494330982	0.000182019357766968	0.00404038031191368	0.000182019357766968	0.00337772630995411	NA	"abundance"	63	63
"PWY-1501"	"hpf"	"hpf"	"hpf"	-1.10252457225029	-0.0348147970152442	0.258940701089832	0.000252093404189682	0.00556152074519077	0.000504123257294927	0.00895811751750744	NA	"abundance"	63	43
"PWY-6581"	"hpf"	"hpf"	"hpf"	0.375550588115546	-0.0348147970152442	0.0993921820002103	0.000270043196124101	0.00592119105647723	0.000540013468920429	0.00953806922213673	NA	"abundance"	63	62
"PWY-6703"	"hpf"	"hpf"	"hpf"	0.128347025487918	-0.0348147970152442	0.0245679674013434	0.000271809329819521	0.00592379606079394	0.000271809329819521	0.00498090596894273	NA	"abundance"	63	63
"ANAGLYCOLYSIS-PWY"	"hpf"	"hpf"	"hpf"	0.115740287103349	-0.0348147970152442	0.0190707537643238	0.000291220589062219	0.00630860986908277	0.000291220589062219	0.00530347060329457	NA	"abundance"	63	63
"PWY-6609"	"hpf"	"hpf"	"hpf"	0.118030105086228	-0.0348147970152442	0.0211690285519562	0.00033936383870176	0.00730749918545825	0.00033936383870176	0.00614206651279975	NA	"abundance"	63	63
"PWY-6167"	"hpf"	"hpf"	"hpf"	-0.844008222619698	-0.0348147970152442	0.185098739706105	0.000347864693365718	0.0074459609365662	0.000347864693365718	0.00625729620213672	NA	"abundance"	63	28
"PWY-5347"	"hpf"	"hpf"	"hpf"	0.112982842786329	-0.0348147970152442	0.0188938709863728	0.000356897883598721	0.00759411118000592	0.000356897883598721	0.00638063777263079	NA	"abundance"	63	63
"P381-PWY"	"hpf"	"hpf"	"hpf"	-0.720677283543808	-0.0348147970152442	0.178816650429075	0.000419085860358452	0.0088648985520529	0.000837996087758552	0.0144529678194593	NA	"abundance"	63	62
"PWY-1501"	"hpf"	"hpf"	"hpf"	-1.38251621794625	0	0.394677425302816	0.000460219295767582	0.00962179411383852	0.000504123257294927	0.00895811751750744	NA	"prevalence"	63	43
"PWY-6957"	"hpf"	"hpf"	"hpf"	-1.38251621794625	0	0.394677425302816	0.000460219295767582	0.00962179411383852	8.83868205031599e-05	0.00177500108024154	NA	"prevalence"	63	43
"MET-SAM-PWY"	"hpf"	"hpf"	"hpf"	0.107586011481814	-0.0348147970152442	0.0188760652107589	0.000555714435872676	0.0115511509329372	0.000555714435872676	0.00975661512562088	NA	"abundance"	63	63
"CODH-PWY"	"hpf"	"hpf"	"hpf"	-0.953074256090458	-0.0348147970152442	0.242179316133632	0.00059993359567943	0.0123986276440415	0.00059993359567943	0.0104702696579291	NA	"abundance"	63	47
"DTDPRHAMSYN-PWY"	"hpf"	"hpf"	"hpf"	-0.166930446625849	-0.0348147970152442	0.0139133771035403	0.000673276986233769	0.0138348802428379	0.000673276986233769	0.011680758128032	NA	"abundance"	63	63
"P108-PWY"	"hpf"	"hpf"	"hpf"	0.273825016583623	-0.0348147970152442	0.0808424798268024	0.000885545061164052	0.018093295681511	0.000885545061164052	0.0151837316920058	NA	"abundance"	63	63
"PWY-7242"	"hpf"	"hpf"	"hpf"	-0.184285605064191	-0.0348147970152442	0.025899834633185	0.000920126235364639	0.0186936380924929	0.000920126235364639	0.0156849425702856	NA	"abundance"	63	63
"PWY-5920"	"hpf"	"hpf"	"hpf"	0.249358848120007	-0.0348147970152442	0.073832180791965	0.000950749935694012	0.0192072852177285	0.000950749935694012	0.0161132879274846	NA	"abundance"	63	63
"PWY-5419"	"hpf"	"hpf"	"hpf"	0.192970731101827	-0.0348147970152442	0.0557873929642967	0.00097278941867689	0.0195427416176653	0.00097278941867689	0.0163920607790841	NA	"abundance"	63	63
"GALACTUROCAT-PWY"	"hpf"	"hpf"	"hpf"	-0.267260779108256	-0.0348147970152442	0.0582965693233817	0.00110358333224258	0.0220471425708017	0.00110358333224258	0.0184897504579156	NA	"abundance"	63	63
"PWY-1541"	"hpf"	"hpf"	"hpf"	0.218367061860401	-0.0348147970152442	0.0663898420396804	0.00129397870746252	0.025707996862073	0.00129397870746252	0.021556508922046	NA	"abundance"	63	63
"KDO-NAGLIPASYN-PWY"	"hpf"	"hpf"	"hpf"	-0.174180189512838	-0.0348147970152442	0.0235862480107288	0.00136238248493847	0.0269182825046084	0.00136238248493847	0.0225678273776248	NA	"abundance"	63	63
"PWY-5505"	"hpf"	"hpf"	"hpf"	0.217015640284797	-0.0348147970152442	0.0665572844314638	0.00138103542432452	0.02713772342006	0.00138103542432452	0.0227482913714579	NA	"abundance"	63	63
"GLYCOCAT-PWY"	"hpf"	"hpf"	"hpf"	0.103875999613027	-0.0348147970152442	0.0233659896675764	0.00139403865656174	0.0272443641793261	0.00139403865656174	0.0228341974359721	NA	"abundance"	63	63
"PWY-4722"	"leachate"	".C"	"leachate.C"	-0.916101385760497	-0.0099517100469212	0.269001264771754	0.0014713437890555	0.0285997419753706	0.0014713437890555	0.0239665554972818	NA	"abundance"	63	63
"P241-PWY"	"hpf"	"hpf"	"hpf"	-1.01378071886732	-0.0348147970152442	0.275395115470152	0.00156253897125308	0.0302090867775595	0.00156253897125308	0.0253114047719007	NA	"abundance"	63	36
"NAD-BIOSYNTHESIS-II"	"hpf"	"hpf"	"hpf"	-0.903665002822435	-0.0348147970152442	0.260306929239752	0.00167822640103576	0.0322722039471903	0.00167822640103576	0.0270360429002024	NA	"abundance"	63	63
"PWY-5198"	"hpf"	"hpf"	"hpf"	-0.699345576285995	-0.0348147970152442	0.193642389845505	0.00178874566178292	0.0342145180838904	2.18455580822384e-16	2.91141710441468e-14	NA	"abundance"	63	43
"P621-PWY"	"hpf"	"hpf"	"hpf"	-0.696677786319769	-0.0348147970152442	0.199160654166823	0.00188866909841141	0.03593467766078	0.00377377112585951	0.0570345203145366	NA	"abundance"	63	59
"PWY-7200"	"hpf"	"hpf"	"hpf"	0.0854278759906772	-0.0348147970152442	0.0146740853734732	0.00194570301960153	0.0368249897815111	0.00194570301960153	0.0311737773413754	NA	"abundance"	63	63
"PWY-6969"	"hpf"	"hpf"	"hpf"	0.0789924157645103	-0.0348147970152442	0.0101995469982015	0.0021788260372244	0.0410212483238688	0.0021788260372244	0.0347191192453367	NA	"abundance"	63	63
"PWY-1882"	"leachate"	".L"	"leachate.L"	-0.540800774635315	0	0.179387689642523	0.0025723021152699	0.0481770750339091	0.00513798749236757	0.0760837339778875	NA	"prevalence"	63	58
"PWY-7376"	"hpf"	"hpf"	"hpf"	0.2119632106211	-0.0348147970152442	0.0706120470729991	0.00266930739719173	0.0497348673590749	0.00266930739719173	0.0423049150733305	NA	"abundance"	63	63
"GOLPDLCAT-PWY"	"hpf"	"hpf"	"hpf"	-1.15095214956658	-0.0348147970152442	0.335987975708924	0.00268791354879322	0.0498233872240227	0.00268791354879322	0.0423707662637726	NA	"abundance"	63	35
"P105-PWY"	"hpf"	"hpf"	"hpf"	0.0757596915227911	-0.0348147970152442	0.00992327354435753	0.0027865391286601	0.0511808914244071	0.0027865391286601	0.0436905493327883	NA	"abundance"	63	63
"PWY-6654"	"leachate"	".L:hpf"	"leachate.L:hpf"	1.02446242141434	0.00127120242880874	0.308772474883741	0.00278961477174188	0.0511808914244071	9.40591681898649e-06	0.000253010533149251	NA	"abundance"	63	35
"P101-PWY"	"hpf"	"hpf"	"hpf"	-0.167626441498437	-0.0348147970152442	0.0259810252226034	0.00298579032925625	0.0545020407309923	0.00298579032925625	0.0465656236456347	NA	"abundance"	63	63
"ORNDEG-PWY"	"leachate"	".C:hpf"	"leachate.C:hpf"	-0.983691684560123	-0.00285055641499679	0.305541518180107	0.00314079373336054	0.0570418902281035	0.00314079373336054	0.0487238477577412	NA	"abundance"	63	41
"ANAEROFRUCAT-PWY"	"hpf"	"hpf"	"hpf"	-0.199511047659654	-0.0348147970152442	0.0411640066193958	0.00317128261703682	0.0573061924164041	0.00317128261703682	0.0489378980692209	NA	"abundance"	63	63
"PWY-6737"	"hpf"	"hpf"	"hpf"	0.0839219929679965	-0.0348147970152442	0.0191338756949536	0.00345715487870609	0.0621596447191355	0.00345715487870609	0.0530700424312369	NA	"abundance"	63	63
"PWY0-1533"	"leachate"	".L"	"leachate.L"	-0.442133081009665	0.00244240550146893	0.144258454424321	0.00353820623448554	0.0633004458667165	0.00353820623448554	0.0540313577057896	NA	"abundance"	63	63
"PWY-722"	"hpf"	"hpf"	"hpf"	-1.17014905435499	-0.0348147970152442	0.367914354787181	0.00361283760993551	0.0643156635907332	0.00721262262427525	0.102657327836772	NA	"abundance"	63	54
"PWY-1622"	"hpf"	"hpf"	"hpf"	0.292731396973232	-0.0348147970152442	0.102440493888404	0.0037148189274897	0.065805363858389	0.0037148189274897	0.0564344512715015	NA	"abundance"	63	63
"PWY-5420"	"hpf"	"hpf"	"hpf"	0.146919324253006	-0.0348147970152442	0.0503159515066678	0.00414404648010576	0.0730489761885309	0.00414404648010576	0.062309457844462	NA	"abundance"	63	63
"PWY-922"	"leachate"	".Q"	"leachate.Q"	-0.481351474260955	0.00183705060531147	0.162108719145536	0.00451204751054049	0.0791479163312372	0.00451204751054049	0.0674965474535956	NA	"abundance"	63	63
"PWY-1882"	"leachate"	".Q"	"leachate.Q"	-1.02778018782665	0.00183705060531147	0.345706844982109	0.0045755990297479	0.079873078208609	0	0	NA	"abundance"	63	58
"PWY-5910"	"leachate"	".Q"	"leachate.Q"	-0.464435133017513	0.00183705060531147	0.156898962796852	0.0046265585910882	0.0803724864422858	0.0046265585910882	0.0688582222795462	NA	"abundance"	63	63
"AST-PWY"	"hpf"	"hpf"	"hpf"	0.0790387881501982	-0.0348147970152442	0.019641584157702	0.00524241028995125	0.0906332086666571	0.00524241028995125	0.0772399345233018	NA	"abundance"	63	63
"PWY-4984"	"hpf"	"hpf"	"hpf"	0.253977829718267	-0.0348147970152442	0.0933846832079544	0.00528947000806644	0.0910092543014685	0.00528947000806644	0.077543630318254	NA	"abundance"	63	63
"GLYCOLYSIS-E-D"	"hpf"	"hpf"	"hpf"	0.0669329419312056	-0.0348147970152442	0.0094885402124911	0.0053970263183427	0.0922028199408093	0.0053970263183427	0.0787267719670687	NA	"abundance"	63	63
"ORNDEG-PWY"	"leachate"	".C"	"leachate.C"	-0.954397419700952	-0.0099517100469212	0.315291189404354	0.00542683352011523	0.0922028199408093	0.00542683352011523	0.0787696825790983	NA	"abundance"	63	41
"PWY-5088"	"leachate"	".C"	"leachate.C"	-2.05190398151439	0	0.738092919365748	0.00543576135357385	0.0922028199408093	0.0108419752056547	0.142550095529056	NA	"prevalence"	63	23
"PWY-1422"	"leachate"	".C:hpf"	"leachate.C:hpf"	1.70668473408272	0	0.614430149584377	0.00547500433228084	0.0924324675064879	0.0109200329921232	0.142935431843327	NA	"prevalence"	63	26
"PWY-6731"	"hpf"	"hpf"	"hpf"	-0.814081305396964	-0.0348147970152442	0.267588681631963	0.00615300204855481	0.102912536588852	0.00615300204855481	0.0888699606224764	NA	"abundance"	63	51
"PWY-5419"	"leachate"	".Q"	"leachate.Q"	-0.315961041764791	0.00183705060531147	0.110723411925292	0.00634810378907516	0.105684172340344	0.00634810378907516	0.091238432890041	NA	"abundance"	63	63
"PWY-1882"	"leachate"	".L"	"leachate.L"	0.819204714488374	0.00244240550146893	0.345135483845436	0.0222864674376982	0.275402532322895	0.00513798749236757	0.0760837339778875	NA	"abundance"	63	58
"PWY-6174"	"leachate"	".L:hpf"	"leachate.L:hpf"	0.750929010019017	0.00127120242880874	0.354663523530894	0.0425293371270145	0.429594090754899	8.22611735502169e-27	1.26941979394335e-24	NA	"abundance"	63	41
"PWY-1882"	"leachate"	".L:hpf"	"leachate.L:hpf"	0.713025824246651	0.00127120242880874	0.35365102572568	0.0502112634722143	0.490769360923916	5.73613930786007e-31	1.05114752816536e-28	NA	"abundance"	63	58
"PWY-5198"	"leachate"	".L:hpf"	"leachate.L:hpf"	0.783706796976187	0.00127120242880874	0.396925500160417	0.0569854878332878	0.543553883948284	8.86996225142416e-07	3.00416782126833e-05	NA	"abundance"	63	43
"PWY-6174"	"leachate"	".Q"	"leachate.Q"	0.57795319866239	0.00183705060531147	0.312057856810617	0.0741894116528294	0.642924256933927	0	0	NA	"abundance"	63	41
"PWY-1882"	"hpf"	"hpf"	"hpf"	-0.32244158689539	-0.0348147970152442	0.175708331600336	0.114383473382506	0.794517780532343	5.06576558607191e-29	8.73695570491932e-27	NA	"abundance"	63	58
"PWY-1882"	"leachate"	".Q:hpf"	"leachate.Q:hpf"	-0.528021721969812	-0.0022826731501068	0.351733632476633	0.14182487398737	0.880382063151214	5.1655188434572e-245	3.0290602498033e-242	NA	"abundance"	63	58
"PWY-6174"	"leachate"	".C"	"leachate.C"	0.406432816787878	-0.0099517100469212	0.297553143480087	0.171944810015035	0.946881373375295	0	0	NA	"abundance"	63	41
"PWY-6654"	"leachate"	".Q:hpf"	"leachate.Q:hpf"	-0.444221354337015	-0.0022826731501068	0.318327125256233	0.177060425499964	0.95795198353454	6.31779374673621e-41	1.4249054819562e-38	NA	"abundance"	63	35
"PWY-5198"	"leachate"	".Q:hpf"	"leachate.Q:hpf"	0.521561760513226	-0.0022826731501068	0.38728477969101	0.185056897716182	0.962915211968763	3.715376820051e-20	5.18737373161406e-18	NA	"abundance"	63	43
"PWY-1882"	"leachate"	".C"	"leachate.C"	0.0777300469869015	-0.0099517100469212	0.345704867384515	0.801142039254582	1	4.27338173649356e-06	0.000122838776974501	NA	"abundance"	63	58
"PWY-1882"	"leachate"	".C:hpf"	"leachate.C:hpf"	-0.163589174835373	-0.00285055641499679	0.349487011766497	0.64816742347122	1	5.59534754308474e-163	2.34365128518921e-160	NA	"abundance"	63	58
"PWY-5198"	"leachate"	".C"	"leachate.C"	0.158118270454976	-0.0099517100469212	0.385336763693151	0.665754157697703	1	1.22875137939312e-68	3.60269904438062e-66	NA	"abundance"	63	43
"PWY-5198"	"leachate"	".C:hpf"	"leachate.C:hpf"	0.293798759568945	-0.00285055641499679	0.377397864968829	0.437707718663546	1	5.97024049718158e-28	9.72485840985356e-26	NA	"abundance"	63	43
"PWY-5198"	"leachate"	".L"	"leachate.L"	-0.40277634580077	0.00244240550146893	0.369746367210028	0.281230878417766	1	6.62791647761456e-08	3.03641423630717e-06	NA	"abundance"	63	43
"PWY-5198"	"leachate"	".Q"	"leachate.Q"	0.411244644094093	0.00183705060531147	0.377622031612646	0.286094807949529	1	1.53938031758379e-32	3.00897539410378e-30	NA	"abundance"	63	43
"PWY-6174"	"leachate"	".C:hpf"	"leachate.C:hpf"	0.37988096101444	-0.00285055641499679	0.304345933208909	0.218336648636876	1	0	0	NA	"abundance"	63	41
"PWY-6174"	"leachate"	".L"	"leachate.L"	-0.22012170169214	0.00244240550146893	0.325917687153658	0.500176378385397	1	9.35515593510314e-85	3.4286646502153e-82	NA	"abundance"	63	41
"PWY-6174"	"leachate"	".Q:hpf"	"leachate.Q:hpf"	-0.0861112255958607	-0.0022826731501068	0.330463811925111	0.801431275710644	1	1.33339449073726e-187	6.51585441140274e-185	NA	"abundance"	63	41
"PWY-6654"	"leachate"	".C"	"leachate.C"	-0.213405205035777	-0.0099517100469212	0.329693993249289	0.543026199012966	1	2.32555262576146e-81	7.57613366525845e-79	NA	"abundance"	63	35
"PWY-6654"	"leachate"	".C:hpf"	"leachate.C:hpf"	-0.213147322746276	-0.00285055641499679	0.329551229472613	0.529451343272899	1	7.9226458710049e-48	1.9357664744822e-45	NA	"abundance"	63	35
"PWY-6654"	"leachate"	".L"	"leachate.L"	0.025731840099565	0.00244240550146893	0.298474860558126	0.938513800111962	1	1.92579114870682e-13	1.88213988266946e-11	NA	"abundance"	63	35
"PWY-6654"	"leachate"	".Q"	"leachate.Q"	0.241411608277559	0.00183705060531147	0.309723006978404	0.446488292066612	1	5.75667476000494e-40	1.20561217116675e-37	NA	"abundance"	63	35
"CENTFERM-PWY"	"hpf"	"hpf"	"hpf"	-2.40205205396804	0	143.890418510998	0.986681036480454	1	1.98478699283352e-06	6.19084623722116e-05	NA	"prevalence"	63	62
"DHGLUCONATE-PYR-CAT-PWY"	"hpf"	"hpf"	"hpf"	-5.03795905670959	0	152.571864781156	0.973658450054753	1	6.70996707398082e-16	8.55374933083121e-14	NA	"prevalence"	63	61
"ECASYN-PWY"	"hpf"	"hpf"	"hpf"	-3.63889563040447	0	1170.17743535406	0.997518825885104	1	2.76817262151913e-06	8.43058447824929e-05	NA	"prevalence"	63	59
"FUC-RHAMCAT-PWY"	"hpf"	"hpf"	"hpf"	-9.94829923640589	0	215981.488124236	0.999963248728245	1	6.02475275407534e-07	2.15421647255474e-05	NA	"prevalence"	63	59
"GLYCOL-GLYOXDEG-PWY"	"hpf"	"hpf"	"hpf"	-7.34122451944869	0	116.553700307797	0.949777835994227	1	3.83019632208603e-09	2.20198737575613e-07	NA	"prevalence"	63	60
"HCAMHPDEG-PWY"	"hpf"	"hpf"	"hpf"	-4.36549061938308	0	62.8738432044945	0.944645328410921	1	7.66541270589212e-12	6.07182022668259e-10	NA	"prevalence"	63	60
"LACTOSECAT-PWY"	"hpf"	"hpf"	"hpf"	-2.40205205396804	0	143.890418510998	0.986681036480454	1	3.96378297403155e-06	0.000116218116798605	NA	"prevalence"	63	62
"P163-PWY"	"hpf"	"hpf"	"hpf"	-4.69152869436229	0	243.945549087958	0.984656135001296	1	8.69793044540102e-06	0.000236132704314035	NA	"prevalence"	63	51
"P164-PWY"	"hpf"	"hpf"	"hpf"	-1.61265151120923	0	81.2364019052481	0.984161961788221	1	6.07582919468628e-06	0.000171291646142502	NA	"prevalence"	63	62
"P381-PWY"	"hpf"	"hpf"	"hpf"	-1.60699196591671	0	93.4445703312816	0.986279236166292	1	0.000837996087758552	0.0144529678194593	NA	"prevalence"	63	62
"P621-PWY"	"hpf"	"hpf"	"hpf"	2.00559669379255	0	237.930264664723	0.993274434048356	1	0.00377377112585951	0.0570345203145366	NA	"prevalence"	63	59
"PWY-2941"	"hpf"	"hpf"	"hpf"	-2.40205205396804	0	143.890418510998	0.986681036480454	1	1.46974336593282e-06	4.73199264774686e-05	NA	"prevalence"	63	62
"PWY-4361"	"hpf"	"hpf"	"hpf"	-4.18424443900898	0	3936.44350006186	0.999151888396779	1	8.22029041849373e-07	2.86927279845519e-05	NA	"prevalence"	63	56
"PWY-5005"	"hpf"	"hpf"	"hpf"	-2.40205205396804	0	143.890418510998	0.986681036480454	1	5.95190966435643e-09	3.35596137228713e-07	NA	"prevalence"	63	62
"PWY-5183"	"hpf"	"hpf"	"hpf"	-10.1176195511158	0	236512.90117766	0.999965867855879	1	1.11415717983043e-09	6.66675275767923e-08	NA	"prevalence"	63	60
"PWY-5265"	"hpf"	"hpf"	"hpf"	-2.40205205396804	0	143.890418510998	0.986681036480454	1	9.74120433393395e-06	0.000259647373700858	NA	"prevalence"	63	62
"PWY-5507"	"hpf"	"hpf"	"hpf"	-6.11604215258955	0	52.3871653722122	0.907060578226907	1	1.11733559523946e-07	4.96367873521531e-06	NA	"prevalence"	63	58
"PWY-6263"	"hpf"	"hpf"	"hpf"	-2.40205205396804	0	143.890418510998	0.986681036480454	1	1.52668028805835e-14	1.72162561714888e-12	NA	"prevalence"	63	62
"PWY-6383"	"hpf"	"hpf"	"hpf"	-2.40205205396804	0	143.890418510998	0.986681036480454	1	3.5319159552316e-12	3.23611799398096e-10	NA	"prevalence"	63	62
"PWY-6397"	"hpf"	"hpf"	"hpf"	-2.40205205396804	0	143.890418510998	0.986681036480454	1	7.84680690593484e-13	7.42156059619385e-11	NA	"prevalence"	63	62
"PWY-6404"	"hpf"	"hpf"	"hpf"	-9.09220608138826	0	13460.4382313973	0.999461047985244	1	5.00881301595114e-12	4.45025447356628e-10	NA	"prevalence"	63	55
"PWY-6470"	"hpf"	"hpf"	"hpf"	-2.40205205396804	0	143.890418510998	0.986681036480454	1	9.68488285038239e-10	5.91584927444191e-08	NA	"prevalence"	63	62
"PWY-6471"	"hpf"	"hpf"	"hpf"	-2.40205205396804	0	143.890418510998	0.986681036480454	1	4.00883719562207e-06	0.000116375353045187	NA	"prevalence"	63	62
"PWY-6581"	"hpf"	"hpf"	"hpf"	1.49226919225659	0	102.840286863879	0.988422661942208	1	0.000540013468920429	0.00953806922213673	NA	"prevalence"	63	62
"PWY-6590"	"hpf"	"hpf"	"hpf"	-2.40205205396804	0	143.890418510998	0.986681036480454	1	1.98283619674583e-06	6.19084623722116e-05	NA	"prevalence"	63	62
"PWY-6629"	"hpf"	"hpf"	"hpf"	-6.46201315140864	0	56.5963998905331	0.909097399949532	1	2.12663237859791e-10	1.35549698566284e-08	NA	"prevalence"	63	57
"PWY-6690"	"hpf"	"hpf"	"hpf"	-4.36549061938308	0	62.8738432044945	0.944645328410921	1	7.85752991757972e-12	6.07182022668259e-10	NA	"prevalence"	63	60
"PWY-6713"	"hpf"	"hpf"	"hpf"	-3.5539158364286	0	27.4487325804993	0.896982059619135	1	6.48895549052646e-06	0.000179486957530411	NA	"prevalence"	63	43
"PWY-6944"	"hpf"	"hpf"	"hpf"	-2.40205205396804	0	143.890418510998	0.986681036480454	1	1.54544942657796e-13	1.56250266162985e-11	NA	"prevalence"	63	62
"PWY-6948"	"hpf"	"hpf"	"hpf"	-8.9965976721884	0	9284.72098974659	0.999226875501477	1	6.11978592249971e-09	3.38551175939041e-07	NA	"prevalence"	63	54
"PWY-7007"	"hpf"	"hpf"	"hpf"	-2.40205205396804	0	143.890418510998	0.986681036480454	1	1.71715466207196e-11	1.25867436729875e-09	NA	"prevalence"	63	62
"PWY-7013"	"hpf"	"hpf"	"hpf"	-2.72726624437286	0	13.7342816744547	0.842596278634638	1	0.000203208258466992	0.00374721140770578	NA	"prevalence"	63	49
"PWY-7046"	"hpf"	"hpf"	"hpf"	3.60933632789898	0	2938.54823965467	0.999019981034239	1	0.000171795352945444	0.00322887163356437	NA	"prevalence"	63	47
"PWY-7255"	"hpf"	"hpf"	"hpf"	-5.03795905670959	0	152.571864781156	0.973658450054753	1	3.53090798270804e-09	2.07052444105999e-07	NA	"prevalence"	63	61
"PWY-7295"	"hpf"	"hpf"	"hpf"	-14.8986017742682	0	282404.642777454	0.999957906625717	1	2.98792479251991e-08	1.51044749856351e-06	NA	"prevalence"	63	58
"PWY-7374"	"hpf"	"hpf"	"hpf"	-1.63955791259715	0	52.8472653551635	0.975250032159283	1	2.39509690059244e-11	1.71278636891147e-09	NA	"prevalence"	63	61
"PWY-7377"	"hpf"	"hpf"	"hpf"	-7.94272478270548	0	537.752702325577	0.988215499376189	1	1.85223065143343e-07	7.75820038571831e-06	NA	"prevalence"	63	60
"PWY-7391"	"hpf"	"hpf"	"hpf"	-2.40205205396804	0	143.890418510998	0.986681036480454	1	3.17877020170951e-06	9.51036146062478e-05	NA	"prevalence"	63	62
"PWY-7446"	"hpf"	"hpf"	"hpf"	-6.46201315140864	0	56.5963998905331	0.909097399949532	1	2.27134838184598e-05	0.000554966121297701	NA	"prevalence"	63	57
"PWY-7527"	"hpf"	"hpf"	"hpf"	-4.18424443900898	0	3936.44350006186	0.999151888396779	1	8.34308217250064e-07	2.87787257997316e-05	NA	"prevalence"	63	56
"PWY-7528"	"hpf"	"hpf"	"hpf"	0.401689030160317	0	0.346488654628981	0.246328355940416	1	7.37745147085249e-06	0.000202155959930276	NA	"prevalence"	63	43
"PWY-7616"	"hpf"	"hpf"	"hpf"	-2.40205205396804	0	143.890418510998	0.986681036480454	1	5.47617755810503e-11	3.82289347627713e-09	NA	"prevalence"	63	62
"PWY0-1277"	"hpf"	"hpf"	"hpf"	-4.36549061938308	0	62.8738432044945	0.944645328410921	1	7.83795303292653e-12	6.07182022668259e-10	NA	"prevalence"	63	60
"PWY0-41"	"hpf"	"hpf"	"hpf"	-5.83764915216811	0	40.9075839153224	0.886524473062628	1	8.80369424998771e-11	5.86646171385544e-09	NA	"prevalence"	63	59
"PWY1G-0"	"hpf"	"hpf"	"hpf"	-2.40205205396804	0	143.890418510998	0.986681036480454	1	2.32945436681094e-14	2.52961489018136e-12	NA	"prevalence"	63	62
"GOLPDLCAT-PWY"	"hpf"	"hpf"	"hpf"	-0.795991671584711	0	0.296832345918403	0.00732665462628242	0.120304338064436	0.00268791354879322	0.0423707662637726	"Prevalence association possibly induced by stronger abundance association"	"prevalence"	63	35
"PWY-7198"	"hpf"	"hpf"	"hpf"	-0.781112521445999	0	0.308423749641585	0.0113221606088137	0.165506055078432	2.68604141565034e-05	0.000640282392738764	"Prevalence association possibly induced by stronger abundance association"	"prevalence"	63	21
"PWY-7210"	"hpf"	"hpf"	"hpf"	-0.781112521445999	0	0.308423749641585	0.0113221606088137	0.165506055078432	2.66861251315215e-05	0.000640282392738764	"Prevalence association possibly induced by stronger abundance association"	"prevalence"	63	21
"THREOCAT-PWY"	"hpf"	"hpf"	"hpf"	-0.776309619980662	0	0.335211099571874	0.0205646686744117	0.26038925546896	2.19016501974421e-05	0.00053962721326807	"Prevalence association possibly induced by stronger abundance association"	"prevalence"	63	45
"PWY-6165"	"hpf"	"hpf"	"hpf"	-0.718733212341661	0	0.326386490331104	0.0276587816774922	0.3210401158641	3.71275711044644e-06	0.000109957614624535	"Prevalence association possibly induced by stronger abundance association"	"prevalence"	63	33
"PWY-6349"	"hpf"	"hpf"	"hpf"	-0.663089068819894	0	0.319320480575623	0.0378419184300799	0.403056525011293	2.60408106289167e-07	1.06043967727755e-05	"Prevalence association possibly induced by stronger abundance association"	"prevalence"	63	30
"PWY-6350"	"hpf"	"hpf"	"hpf"	-0.663089068819894	0	0.319320480575623	0.0378419184300799	0.403056525011293	2.67920880721794e-07	1.07608770174836e-05	"Prevalence association possibly induced by stronger abundance association"	"prevalence"	63	30
"PWY-6167"	"hpf"	"hpf"	"hpf"	-0.532721002007342	0	0.314493583705183	0.0902840932435304	0.696698710952221	0.000347864693365718	0.00625729620213672	"Prevalence association possibly induced by stronger abundance association"	"prevalence"	63	28
"CODH-PWY"	"hpf"	"hpf"	"hpf"	-0.107896108436733	0	0.30312748076082	0.721883243730577	1	0.00059993359567943	0.0104702696579291	"Prevalence association possibly induced by stronger abundance association"	"prevalence"	63	47
"GALACTARDEG-PWY"	"hpf"	"hpf"	"hpf"	-0.882949380647638	0	29.5886052201617	0.976193972918779	1	5.38733432028402e-07	1.97445802838409e-05	"Prevalence association possibly induced by stronger abundance association"	"prevalence"	63	62
"GLUCARDEG-PWY"	"hpf"	"hpf"	"hpf"	-0.882949380647638	0	29.5886052201617	0.976193972918779	1	3.48426769109069e-07	1.38052336084837e-05	"Prevalence association possibly induced by stronger abundance association"	"prevalence"	63	62
"GLUCARGALACTSUPER-PWY"	"hpf"	"hpf"	"hpf"	-0.882949380647638	0	29.5886052201617	0.976193972918779	1	5.34754349495634e-07	1.97445802838409e-05	"Prevalence association possibly induced by stronger abundance association"	"prevalence"	63	62
"ORNDEG-PWY"	"leachate"	".C"	"leachate.C"	-0.0456871276582751	0	0.666980154067653	0.945388828928745	1	0.00542683352011523	0.0787696825790983	"Prevalence association possibly induced by stronger abundance association"	"prevalence"	63	41
"ORNDEG-PWY"	"leachate"	".C:hpf"	"leachate.C:hpf"	-0.260318485244675	0	0.73287541109286	0.722438600271369	1	0.00314079373336054	0.0487238477577412	"Prevalence association possibly induced by stronger abundance association"	"prevalence"	63	41
"P241-PWY"	"hpf"	"hpf"	"hpf"	-0.188593412768457	0	0.274033752698483	0.491319068225644	1	0.00156253897125308	0.0253114047719007	"Prevalence association possibly induced by stronger abundance association"	"prevalence"	63	36
"P261-PWY"	"hpf"	"hpf"	"hpf"	-0.705659064093817	0	58.0236796559237	0.990296709948045	1	5.17266069789115e-08	2.44616793003498e-06	"Prevalence association possibly induced by stronger abundance association"	"prevalence"	63	60
"PWY0-1338"	"hpf"	"hpf"	"hpf"	-1.4842046575283	0	83.6480607836542	0.985843523029839	1	1.62219272464557e-08	8.49333762260861e-07	"Prevalence association possibly induced by stronger abundance association"	"prevalence"	63	62
"RHAMCAT-PWY"	"hpf"	"hpf"	"hpf"	-1.35380602681912	0	90.8816357196813	0.988114859829482	1	1.54591934363509e-08	8.2411554827965e-07	"Prevalence association possibly induced by stronger abundance association"	"prevalence"	63	61
"ANAEROFRUCAT-PWY"	"hpf"	"hpf"	"hpf"	NA	0	NA	NA	NA	0.00317128261703682	0.0489378980692209	"All logistic values are the same"	"prevalence"	63	63
"ANAGLYCOLYSIS-PWY"	"hpf"	"hpf"	"hpf"	NA	0	NA	NA	NA	0.000291220589062219	0.00530347060329457	"All logistic values are the same"	"prevalence"	63	63
"ARGDEG-PWY"	"hpf"	"hpf"	"hpf"	NA	0	NA	NA	NA	4.24052773937009e-08	2.07220455530551e-06	"All logistic values are the same"	"prevalence"	63	63
"ASPASN-PWY"	"hpf"	"hpf"	"hpf"	NA	0	NA	NA	NA	3.74101736467122e-05	0.000863674245135119	"All logistic values are the same"	"prevalence"	63	63
"AST-PWY"	"hpf"	"hpf"	"hpf"	NA	0	NA	NA	NA	0.00524241028995125	0.0772399345233018	"All logistic values are the same"	"prevalence"	63	63
"CATECHOL-ORTHO-CLEAVAGE-PWY"	"hpf"	"hpf"	"hpf"	NA	0	NA	NA	NA	1.90801269148941e-05	0.000474092645037877	"All logistic values are the same"	"prevalence"	63	63
"DTDPRHAMSYN-PWY"	"hpf"	"hpf"	"hpf"	NA	0	NA	NA	NA	0.000673276986233769	0.011680758128032	"All logistic values are the same"	"prevalence"	63	63
"ENTBACSYN-PWY"	"hpf"	"hpf"	"hpf"	NA	0	NA	NA	NA	1.80037384480826e-05	0.000451170607946821	"All logistic values are the same"	"prevalence"	63	63
"FUCCAT-PWY"	"hpf"	"hpf"	"hpf"	NA	0	NA	NA	NA	1.60383774277332e-07	6.81514820552372e-06	"All logistic values are the same"	"prevalence"	63	63
"GALACTUROCAT-PWY"	"hpf"	"hpf"	"hpf"	NA	0	NA	NA	NA	0.00110358333224258	0.0184897504579156	"All logistic values are the same"	"prevalence"	63	63
"GALLATE-DEGRADATION-I-PWY"	"hpf"	"hpf"	"hpf"	NA	0	NA	NA	NA	7.10735427409794e-05	0.00152777191062351	"All logistic values are the same"	"prevalence"	63	63
"GALLATE-DEGRADATION-II-PWY"	"hpf"	"hpf"	"hpf"	NA	0	NA	NA	NA	7.35958496299758e-05	0.00156364515300789	"All logistic values are the same"	"prevalence"	63	63
"GLCMANNANAUT-PWY"	"hpf"	"hpf"	"hpf"	NA	0	NA	NA	NA	5.42303843864527e-08	2.52386487335047e-06	"All logistic values are the same"	"prevalence"	63	63
"GLUCUROCAT-PWY"	"hpf"	"hpf"	"hpf"	NA	0	NA	NA	NA	1.76432567596909e-05	0.000445948524305292	"All logistic values are the same"	"prevalence"	63	63
"GLYCOCAT-PWY"	"hpf"	"hpf"	"hpf"	NA	0	NA	NA	NA	0.00139403865656174	0.0228341974359721	"All logistic values are the same"	"prevalence"	63	63
"GLYCOLYSIS-E-D"	"hpf"	"hpf"	"hpf"	NA	0	NA	NA	NA	0.0053970263183427	0.0787267719670687	"All logistic values are the same"	"prevalence"	63	63
"HEXITOLDEGSUPER-PWY"	"hpf"	"hpf"	"hpf"	NA	0	NA	NA	NA	2.78910878032122e-06	8.43058447824929e-05	"All logistic values are the same"	"prevalence"	63	63
"HOMOSER-METSYN-PWY"	"hpf"	"hpf"	"hpf"	NA	0	NA	NA	NA	1.236706446583e-05	0.00032088701782136	"All logistic values are the same"	"prevalence"	63	63
"KDO-NAGLIPASYN-PWY"	"hpf"	"hpf"	"hpf"	NA	0	NA	NA	NA	0.00136238248493847	0.0225678273776248	"All logistic values are the same"	"prevalence"	63	63
"MET-SAM-PWY"	"hpf"	"hpf"	"hpf"	NA	0	NA	NA	NA	0.000555714435872676	0.00975661512562088	"All logistic values are the same"	"prevalence"	63	63
"METHGLYUT-PWY"	"hpf"	"hpf"	"hpf"	NA	0	NA	NA	NA	5.29658071699129e-05	0.00115033886386804	"All logistic values are the same"	"prevalence"	63	63
"METHYLGALLATE-DEGRADATION-PWY"	"hpf"	"hpf"	"hpf"	NA	0	NA	NA	NA	7.13863409807028e-05	0.00152777191062351	"All logistic values are the same"	"prevalence"	63	63
"NAD-BIOSYNTHESIS-II"	"hpf"	"hpf"	"hpf"	NA	0	NA	NA	NA	0.00167822640103576	0.0270360429002024	"All logistic values are the same"	"prevalence"	63	63
"NADSYN-PWY"	"hpf"	"hpf"	"hpf"	NA	0	NA	NA	NA	1.32456625613601e-07	5.78651378147689e-06	"All logistic values are the same"	"prevalence"	63	63
"ORNARGDEG-PWY"	"hpf"	"hpf"	"hpf"	NA	0	NA	NA	NA	4.23658782297043e-08	2.07220455530551e-06	"All logistic values are the same"	"prevalence"	63	63
"P101-PWY"	"hpf"	"hpf"	"hpf"	NA	0	NA	NA	NA	0.00298579032925625	0.0465656236456347	"All logistic values are the same"	"prevalence"	63	63
"P105-PWY"	"hpf"	"hpf"	"hpf"	NA	0	NA	NA	NA	0.0027865391286601	0.0436905493327883	"All logistic values are the same"	"prevalence"	63	63
"P108-PWY"	"hpf"	"hpf"	"hpf"	NA	0	NA	NA	NA	0.000885545061164052	0.0151837316920058	"All logistic values are the same"	"prevalence"	63	63
"P125-PWY"	"hpf"	"hpf"	"hpf"	NA	0	NA	NA	NA	7.74664191882635e-07	2.7365245910842e-05	"All logistic values are the same"	"prevalence"	63	63
"P184-PWY"	"hpf"	"hpf"	"hpf"	NA	0	NA	NA	NA	7.68234913260473e-05	0.00157562778886535	"All logistic values are the same"	"prevalence"	63	63
"P281-PWY"	"hpf"	"hpf"	"hpf"	NA	0	NA	NA	NA	3.06023367498626e-05	0.000723597188311268	"All logistic values are the same"	"prevalence"	63	63
"P441-PWY"	"hpf"	"hpf"	"hpf"	NA	0	NA	NA	NA	5.05780927134108e-08	2.43106504648722e-06	"All logistic values are the same"	"prevalence"	63	63
"P461-PWY"	"hpf"	"hpf"	"hpf"	NA	0	NA	NA	NA	2.14372423239666e-08	1.1027016577872e-06	"All logistic values are the same"	"prevalence"	63	63
"PPGPPMET-PWY"	"hpf"	"hpf"	"hpf"	NA	0	NA	NA	NA	2.59423705839562e-05	0.00062862008720793	"All logistic values are the same"	"prevalence"	63	63
"PWY-1541"	"hpf"	"hpf"	"hpf"	NA	0	NA	NA	NA	0.00129397870746252	0.021556508922046	"All logistic values are the same"	"prevalence"	63	63
"PWY-1622"	"hpf"	"hpf"	"hpf"	NA	0	NA	NA	NA	0.0037148189274897	0.0564344512715015	"All logistic values are the same"	"prevalence"	63	63
"PWY-181"	"hpf"	"hpf"	"hpf"	NA	0	NA	NA	NA	0.000173833787153023	0.00324637365562205	"All logistic values are the same"	"prevalence"	63	63
"PWY-1861"	"hpf"	"hpf"	"hpf"	NA	0	NA	NA	NA	7.65866474877612e-05	0.00157562778886535	"All logistic values are the same"	"prevalence"	63	63
"PWY-3781"	"hpf"	"hpf"	"hpf"	NA	0	NA	NA	NA	0.000148142068901196	0.00283890552953141	"All logistic values are the same"	"prevalence"	63	63
"PWY-4722"	"hpf"	"hpf"	"hpf"	NA	0	NA	NA	NA	3.39903142202944e-05	0.000790949216618278	"All logistic values are the same"	"prevalence"	63	63
"PWY-4722"	"leachate"	".C"	"leachate.C"	NA	0	NA	NA	NA	0.0014713437890555	0.0239665554972818	"All logistic values are the same"	"prevalence"	63	63
"PWY-4984"	"hpf"	"hpf"	"hpf"	NA	0	NA	NA	NA	0.00528947000806644	0.077543630318254	"All logistic values are the same"	"prevalence"	63	63
"PWY-5022"	"hpf"	"hpf"	"hpf"	NA	0	NA	NA	NA	0.000140788904932652	0.00271574387672722	"All logistic values are the same"	"prevalence"	63	63
"PWY-5178"	"hpf"	"hpf"	"hpf"	NA	0	NA	NA	NA	5.62432146515814e-07	2.0358654982523e-05	"All logistic values are the same"	"prevalence"	63	63
"PWY-5181"	"hpf"	"hpf"	"hpf"	NA	0	NA	NA	NA	1.03052313583753e-05	0.000269776235203181	"All logistic values are the same"	"prevalence"	63	63
"PWY-5304"	"hpf"	"hpf"	"hpf"	NA	0	NA	NA	NA	7.71316259157627e-11	5.25930063220968e-09	"All logistic values are the same"	"prevalence"	63	63
"PWY-5347"	"hpf"	"hpf"	"hpf"	NA	0	NA	NA	NA	0.000356897883598721	0.00638063777263079	"All logistic values are the same"	"prevalence"	63	63
"PWY-5417"	"hpf"	"hpf"	"hpf"	NA	0	NA	NA	NA	9.20066591247083e-07	3.06549459720051e-05	"All logistic values are the same"	"prevalence"	63	63
"PWY-5419"	"hpf"	"hpf"	"hpf"	NA	0	NA	NA	NA	0.00097278941867689	0.0163920607790841	"All logistic values are the same"	"prevalence"	63	63
"PWY-5419"	"leachate"	".Q"	"leachate.Q"	NA	0	NA	NA	NA	0.00634810378907516	0.091238432890041	"All logistic values are the same"	"prevalence"	63	63
"PWY-5420"	"hpf"	"hpf"	"hpf"	NA	0	NA	NA	NA	0.00414404648010576	0.062309457844462	"All logistic values are the same"	"prevalence"	63	63
"PWY-5431"	"hpf"	"hpf"	"hpf"	NA	0	NA	NA	NA	8.9141405337771e-07	3.00416782126833e-05	"All logistic values are the same"	"prevalence"	63	63
"PWY-5505"	"hpf"	"hpf"	"hpf"	NA	0	NA	NA	NA	0.00138103542432452	0.0227482913714579	"All logistic values are the same"	"prevalence"	63	63
"PWY-5647"	"hpf"	"hpf"	"hpf"	NA	0	NA	NA	NA	6.66135287043746e-15	7.81243464644905e-13	"All logistic values are the same"	"prevalence"	63	63
"PWY-5651"	"hpf"	"hpf"	"hpf"	NA	0	NA	NA	NA	1.04716005275547e-07	4.72349734566006e-06	"All logistic values are the same"	"prevalence"	63	63
"PWY-5654"	"hpf"	"hpf"	"hpf"	NA	0	NA	NA	NA	2.05979308313057e-15	2.51638054989118e-13	"All logistic values are the same"	"prevalence"	63	63
"PWY-5655"	"hpf"	"hpf"	"hpf"	NA	0	NA	NA	NA	1.13232451292762e-11	8.51275762026607e-10	"All logistic values are the same"	"prevalence"	63	63
"PWY-5677"	"hpf"	"hpf"	"hpf"	NA	0	NA	NA	NA	4.74416703397588e-05	0.00105378013209222	"(maxstephalfit) PIRLS step-halvings failed to reduce deviance in pwrssUpdate"	"prevalence"	63	54
"PWY-5705"	"hpf"	"hpf"	"hpf"	NA	0	NA	NA	NA	0.000182019357766968	0.00337772630995411	"All logistic values are the same"	"prevalence"	63	63
"PWY-5741"	"hpf"	"hpf"	"hpf"	NA	0	NA	NA	NA	6.36200582500774e-06	0.000177651438846883	"All logistic values are the same"	"prevalence"	63	63
"PWY-5837"	"hpf"	"hpf"	"hpf"	NA	0	NA	NA	NA	4.84974609219535e-05	0.00106115339868036	"All logistic values are the same"	"prevalence"	63	63
"PWY-5838"	"hpf"	"hpf"	"hpf"	NA	0	NA	NA	NA	0.000111039987779646	0.00215608770973459	"All logistic values are the same"	"prevalence"	63	63
"PWY-5861"	"hpf"	"hpf"	"hpf"	NA	0	NA	NA	NA	4.01226504833019e-05	0.000919059462633134	"All logistic values are the same"	"prevalence"	63	63
"PWY-5863"	"hpf"	"hpf"	"hpf"	NA	0	NA	NA	NA	4.80645515532063e-05	0.00105958845980452	"All logistic values are the same"	"prevalence"	63	63
"PWY-5897"	"hpf"	"hpf"	"hpf"	NA	0	NA	NA	NA	9.10291418599964e-05	0.00179125801297657	"All logistic values are the same"	"prevalence"	63	63
"PWY-5898"	"hpf"	"hpf"	"hpf"	NA	0	NA	NA	NA	8.93799620311078e-05	0.00178102157874276	"All logistic values are the same"	"prevalence"	63	63
"PWY-5899"	"hpf"	"hpf"	"hpf"	NA	0	NA	NA	NA	8.99014985177111e-05	0.00178102157874276	"All logistic values are the same"	"prevalence"	63	63
"PWY-5910"	"leachate"	".Q"	"leachate.Q"	NA	0	NA	NA	NA	0.0046265585910882	0.0688582222795462	"All logistic values are the same"	"prevalence"	63	63
"PWY-5920"	"hpf"	"hpf"	"hpf"	NA	0	NA	NA	NA	0.000950749935694012	0.0161132879274846	"All logistic values are the same"	"prevalence"	63	63
"PWY-5971"	"hpf"	"hpf"	"hpf"	NA	0	NA	NA	NA	1.32115156483615e-08	7.17336368166591e-07	"All logistic values are the same"	"prevalence"	63	63
"PWY-6148"	"hpf"	"hpf"	"hpf"	NA	0	NA	NA	NA	4.29325660362797e-05	0.000975800648204435	"All logistic values are the same"	"prevalence"	63	63
"PWY-6182"	"hpf"	"hpf"	"hpf"	NA	0	NA	NA	NA	2.4811800777288e-06	7.65770525042193e-05	"All logistic values are the same"	"prevalence"	63	63
"PWY-6185"	"hpf"	"hpf"	"hpf"	NA	0	NA	NA	NA	4.17921639351164e-07	1.61229769286528e-05	"All logistic values are the same"	"prevalence"	63	63
"PWY-621"	"hpf"	"hpf"	"hpf"	NA	0	NA	NA	NA	0.000104248875691059	0.00203771802350789	"All logistic values are the same"	"prevalence"	63	63
"PWY-6210"	"hpf"	"hpf"	"hpf"	NA	0	NA	NA	NA	7.44330776409247e-12	6.07182022668259e-10	"All logistic values are the same"	"prevalence"	63	63
"PWY-6338"	"hpf"	"hpf"	"hpf"	NA	0	NA	NA	NA	7.48851511186179e-05	0.00157172570567734	"All logistic values are the same"	"prevalence"	63	63
"PWY-6396"	"hpf"	"hpf"	"hpf"	NA	0	NA	NA	NA	3.8520153608076e-07	1.50588120505172e-05	"All logistic values are the same"	"prevalence"	63	63
"PWY-6505"	"hpf"	"hpf"	"hpf"	NA	0	NA	NA	NA	7.86934408642355e-12	6.07182022668259e-10	"All logistic values are the same"	"prevalence"	63	63
"PWY-6562"	"hpf"	"hpf"	"hpf"	NA	0	NA	NA	NA	4.36440593504201e-05	0.000984341400118706	"All logistic values are the same"	"prevalence"	63	63
"PWY-6565"	"hpf"	"hpf"	"hpf"	NA	0	NA	NA	NA	8.26037042785569e-05	0.00168190320100506	"All logistic values are the same"	"prevalence"	63	63
"PWY-6609"	"hpf"	"hpf"	"hpf"	NA	0	NA	NA	NA	0.00033936383870176	0.00614206651279975	"All logistic values are the same"	"prevalence"	63	63
"PWY-6641"	"hpf"	"hpf"	"hpf"	NA	0	NA	NA	NA	2.10863673087666e-07	8.70777872525404e-06	"All logistic values are the same"	"prevalence"	63	63
"PWY-6703"	"hpf"	"hpf"	"hpf"	NA	0	NA	NA	NA	0.000271809329819521	0.00498090596894273	"All logistic values are the same"	"prevalence"	63	63
"PWY-6728"	"hpf"	"hpf"	"hpf"	NA	0	NA	NA	NA	4.36313414544447e-07	1.66139082005756e-05	"All logistic values are the same"	"prevalence"	63	63
"PWY-6731"	"hpf"	"hpf"	"hpf"	NA	0	NA	NA	NA	0.00615300204855481	0.0888699606224764	"pwrssUpdate did not converge in (maxit) iterations"	"prevalence"	63	51
"PWY-6737"	"hpf"	"hpf"	"hpf"	NA	0	NA	NA	NA	0.00345715487870609	0.0530700424312369	"All logistic values are the same"	"prevalence"	63	63
"PWY-6749"	"hpf"	"hpf"	"hpf"	NA	0	NA	NA	NA	6.14551847809042e-14	6.43523577777182e-12	"All logistic values are the same"	"prevalence"	63	63
"PWY-6876"	"hpf"	"hpf"	"hpf"	NA	0	NA	NA	NA	0.000152860505943646	0.00289152905436625	"All logistic values are the same"	"prevalence"	63	63
"PWY-6906"	"hpf"	"hpf"	"hpf"	NA	0	NA	NA	NA	3.16033072369778e-05	0.000741287174550552	"All logistic values are the same"	"prevalence"	63	63
"PWY-6969"	"hpf"	"hpf"	"hpf"	NA	0	NA	NA	NA	0.0021788260372244	0.0347191192453367	"All logistic values are the same"	"prevalence"	63	63
"PWY-7003"	"hpf"	"hpf"	"hpf"	NA	0	NA	NA	NA	1.4847998758278e-06	4.73199264774686e-05	"All logistic values are the same"	"prevalence"	63	63
"PWY-7097"	"hpf"	"hpf"	"hpf"	NA	0	NA	NA	NA	7.50482942683587e-05	0.00157172570567734	"All logistic values are the same"	"prevalence"	63	63
"PWY-7098"	"hpf"	"hpf"	"hpf"	NA	0	NA	NA	NA	8.71389568011737e-05	0.00176200980235201	"All logistic values are the same"	"prevalence"	63	63
"PWY-7199"	"hpf"	"hpf"	"hpf"	NA	0	NA	NA	NA	0.000149563390672726	0.00284753156787294	"All logistic values are the same"	"prevalence"	63	63
"PWY-7200"	"hpf"	"hpf"	"hpf"	NA	0	NA	NA	NA	0.00194570301960153	0.0311737773413754	"All logistic values are the same"	"prevalence"	63	63
"PWY-7242"	"hpf"	"hpf"	"hpf"	NA	0	NA	NA	NA	0.000920126235364639	0.0156849425702856	"All logistic values are the same"	"prevalence"	63	63
"PWY-7332"	"hpf"	"hpf"	"hpf"	NA	0	NA	NA	NA	1.70308254880429e-05	0.000434212002877755	"All logistic values are the same"	"prevalence"	63	63
"PWY-7371"	"hpf"	"hpf"	"hpf"	NA	0	NA	NA	NA	1.5547125874018e-10	1.0129816236138e-08	"All logistic values are the same"	"prevalence"	63	63
"PWY-7373"	"hpf"	"hpf"	"hpf"	NA	0	NA	NA	NA	2.23720046812218e-10	1.39563229202856e-08	"All logistic values are the same"	"prevalence"	63	63
"PWY-7376"	"hpf"	"hpf"	"hpf"	NA	0	NA	NA	NA	0.00266930739719173	0.0423049150733305	"All logistic values are the same"	"prevalence"	63	63
"PWY-922"	"leachate"	".Q"	"leachate.Q"	NA	0	NA	NA	NA	0.00451204751054049	0.0674965474535956	"All logistic values are the same"	"prevalence"	63	63
"PWY0-1296"	"hpf"	"hpf"	"hpf"	NA	0	NA	NA	NA	4.46912472210267e-07	1.67993252374424e-05	"All logistic values are the same"	"prevalence"	63	63
"PWY0-1297"	"hpf"	"hpf"	"hpf"	NA	0	NA	NA	NA	1.34202911712288e-07	5.78651378147689e-06	"All logistic values are the same"	"prevalence"	63	63
"PWY0-1298"	"hpf"	"hpf"	"hpf"	NA	0	NA	NA	NA	1.40351538316301e-06	4.5723412260377e-05	"All logistic values are the same"	"prevalence"	63	63
"PWY0-1415"	"hpf"	"hpf"	"hpf"	NA	0	NA	NA	NA	4.54986184486785e-05	0.001018335490775	"All logistic values are the same"	"prevalence"	63	63
"PWY0-1533"	"leachate"	".L"	"leachate.L"	NA	0	NA	NA	NA	0.00353820623448554	0.0540313577057896	"All logistic values are the same"	"prevalence"	63	63
"PWY0-845"	"hpf"	"hpf"	"hpf"	NA	0	NA	NA	NA	1.666036531921e-05	0.000428492904525646	"All logistic values are the same"	"prevalence"	63	63
"PWY490-3"	"hpf"	"hpf"	"hpf"	NA	0	NA	NA	NA	1.01080901351318e-06	3.32999104227037e-05	"All logistic values are the same"	"prevalence"	63	63
"RUMP-PWY"	"hpf"	"hpf"	"hpf"	NA	0	NA	NA	NA	7.68467850640333e-05	0.00157562778886535	"All logistic values are the same"	"prevalence"	63	63
"TEICHOICACID-PWY"	"hpf"	"hpf"	"hpf"	NA	0	NA	NA	NA	4.58104880660761e-06	0.000130404224281296	"All logistic values are the same"	"prevalence"	63	63
