feature	d__Bacteria;p__Actinobacteriota;c__Actinobacteria;o__Micrococcales	d__Bacteria;p__Proteobacteria;c__Gammaproteobacteria;o__Vibrionales	d__Bacteria;p__Proteobacteria;c__Gammaproteobacteria;o__Burkholderiales	d__Bacteria;p__Proteobacteria;c__Gammaproteobacteria;o__Alteromonadales	d__Bacteria;p__Proteobacteria;c__Gammaproteobacteria;o__Oceanospirillales	d__Bacteria;__;__;__	d__Bacteria;p__Bacteroidota;c__Bacteroidia;o__Chitinophagales	d__Bacteria;p__Bdellovibrionota;c__Bdellovibrionia;o__Bacteriovoracales	d__Bacteria;p__Bacteroidota;c__Bacteroidia;o__Flavobacteriales	d__Bacteria;p__Proteobacteria;c__Gammaproteobacteria;o__Enterobacterales	d__Bacteria;p__Actinobacteriota;c__Actinobacteria;o__Nitriliruptorales	d__Bacteria;p__Bacteroidota;c__Bacteroidia;o__Sphingobacteriales	d__Bacteria;p__Deinococcota;c__Deinococci;o__Deinococcales	d__Bacteria;p__Proteobacteria;c__Alphaproteobacteria;o__Rhodobacterales	d__Bacteria;p__Firmicutes;c__Bacilli;o__Staphylococcales	d__Bacteria;p__Proteobacteria;c__Alphaproteobacteria;__	d__Bacteria;p__Proteobacteria;c__Alphaproteobacteria;o__Sphingomonadales	d__Bacteria;p__Proteobacteria;c__Alphaproteobacteria;o__Rhodospirillales	d__Bacteria;p__Proteobacteria;c__Alphaproteobacteria;o__Rhizobiales	d__Bacteria;p__Proteobacteria;c__Gammaproteobacteria;__	d__Bacteria;p__Firmicutes;c__Bacilli;o__Lactobacillales	d__Bacteria;p__Bacteroidota;c__Bacteroidia;o__Cytophagales	d__Bacteria;p__Proteobacteria;c__Gammaproteobacteria;o__Xanthomonadales	d__Bacteria;p__Proteobacteria;c__Alphaproteobacteria;o__Acetobacterales	d__Bacteria;p__Firmicutes;c__Clostridia;o__Peptostreptococcales-Tissierellales	d__Archaea;p__Nanoarchaeota;c__Nanoarchaeia;o__Woesearchaeales	d__Bacteria;p__Actinobacteriota;c__Actinobacteria;o__Propionibacteriales	d__Bacteria;p__Actinobacteriota;c__Acidimicrobiia;o__Microtrichales	d__Bacteria;p__Actinobacteriota;c__Actinobacteria;o__Frankiales	d__Bacteria;p__Actinobacteriota;c__Actinobacteria;o__Corynebacteriales	d__Bacteria;p__Proteobacteria;c__Gammaproteobacteria;o__Ectothiorhodospirales	d__Bacteria;p__Proteobacteria;__;__	d__Bacteria;p__Firmicutes;c__Bacilli;o__Erysipelotrichales	d__Bacteria;p__Proteobacteria;c__Alphaproteobacteria;o__Kordiimonadales	d__Bacteria;p__Proteobacteria;c__Gammaproteobacteria;o__Cellvibrionales	d__Bacteria;p__Bdellovibrionota;c__Bdellovibrionia;o__Bdellovibrionales	d__Eukaryota;__;__;__	d__Bacteria;p__Actinobacteriota;c__Actinobacteria;o__Kineosporiales	d__Bacteria;p__Bacteroidota;c__Bacteroidia;o__Bacteroidales	d__Archaea;__;__;__	d__Bacteria;p__Verrucomicrobiota;c__Chlamydiae;o__Chlamydiales	d__Bacteria;p__Patescibacteria;c__Gracilibacteria;o__JGI_0000069-P22	d__Bacteria;p__Patescibacteria;c__Saccharimonadia;o__Saccharimonadales	d__Bacteria;p__Acidobacteriota;c__Thermoanaerobaculia;o__Thermoanaerobaculales	d__Bacteria;p__Proteobacteria;c__Alphaproteobacteria;o__SAR11_clade	d__Bacteria;p__Actinobacteriota;c__Actinobacteria;o__Actinomycetales	d__Bacteria;p__Acidobacteriota;c__Acidobacteriae;o__Acidobacteriales	d__Bacteria;p__Bdellovibrionota;c__Oligoflexia;o__Oligoflexales	d__Bacteria;p__Proteobacteria;c__Alphaproteobacteria;o__Kiloniellales	d__Bacteria;p__Patescibacteria;c__Parcubacteria;__	d__Bacteria;p__Armatimonadota;c__Armatimonadia;o__Armatimonadales	d__Bacteria;p__Patescibacteria;c__Parcubacteria;o__Candidatus_Campbellbacteria	d__Bacteria;p__Firmicutes;c__Bacilli;o__Bacillales	d__Bacteria;p__Chloroflexi;c__Chloroflexia;o__Thermomicrobiales	d__Bacteria;p__Firmicutes;c__Clostridia;o__Clostridiales	d__Bacteria;p__Actinobacteriota;c__Actinobacteria;o__Bifidobacteriales	d__Bacteria;p__Proteobacteria;c__Gammaproteobacteria;o__Pseudomonadales	d__Bacteria;p__Planctomycetota;c__Planctomycetes;o__Isosphaerales	d__Bacteria;p__Actinobacteriota;c__Actinobacteria;o__Pseudonocardiales	d__Bacteria;p__Proteobacteria;c__Gammaproteobacteria;o__Aeromonadales	d__Bacteria;p__Bacteroidota;c__Rhodothermia;o__Rhodothermales	d__Bacteria;p__Verrucomicrobiota;c__Verrucomicrobiae;o__Opitutales	d__Bacteria;p__Actinobacteriota;c__Thermoleophilia;o__Solirubrobacterales	d__Bacteria;p__Firmicutes;c__Bacilli;o__Paenibacillales	d__Bacteria;p__Actinobacteriota;c__Thermoleophilia;o__Gaiellales	d__Bacteria;p__Proteobacteria;c__Alphaproteobacteria;o__Tistrellales	d__Bacteria;p__Firmicutes;c__Clostridia;o__Lachnospirales	d__Bacteria;p__Actinobacteriota;c__Acidimicrobiia;o__Actinomarinales	d__Bacteria;p__Campilobacterota;c__Campylobacteria;o__Campylobacterales	d__Bacteria;p__Cyanobacteria;c__Cyanobacteriia;o__Cyanobacteriales	d__Bacteria;p__Proteobacteria;c__Gammaproteobacteria;o__SAR86_clade	d__Archaea;p__Halobacterota;c__Halobacteria;o__Halobacterales	d__Bacteria;p__Gemmatimonadota;c__Longimicrobia;o__Longimicrobiales	d__Bacteria;p__Patescibacteria;c__Parcubacteria;o__GWA2-38-13b	d__Bacteria;p__Firmicutes;c__Negativicutes;o__Veillonellales-Selenomonadales	d__Bacteria;p__Firmicutes;c__Clostridia;o__Clostridia_vadinBB60_group	d__Bacteria;p__Patescibacteria;c__Parcubacteria;o__Candidatus_Nomurabacteria	d__Bacteria;p__Acidobacteriota;c__Holophagae;o__Holophagales	d__Bacteria;p__Chloroflexi;c__KD4-96;o__KD4-96	d__Bacteria;p__Proteobacteria;c__Alphaproteobacteria;o__Defluviicoccales	d__Bacteria;p__Proteobacteria;c__Gammaproteobacteria;o__Pasteurellales	d__Bacteria;p__Actinobacteriota;c__Actinobacteria;o__Streptomycetales	d__Bacteria;p__Fusobacteriota;c__Fusobacteriia;o__Fusobacteriales	d__Bacteria;p__Patescibacteria;c__ABY1;__	d__Bacteria;p__Proteobacteria;c__Alphaproteobacteria;o__Parvibaculales	d__Bacteria;p__Patescibacteria;c__Dojkabacteria;o__Dojkabacteria	d__Bacteria;p__Actinobacteriota;c__Rubrobacteria;o__Rubrobacterales	d__Bacteria;p__Armatimonadota;c__Fimbriimonadia;o__Fimbriimonadales	d__Bacteria;p__Patescibacteria;c__Parcubacteria;o__Candidatus_Kaiserbacteria	d__Bacteria;p__Planctomycetota;c__Planctomycetes;o__Planctomycetales	d__Bacteria;p__Bacteroidota;c__Bacteroidia;__	d__Bacteria;p__Proteobacteria;c__Gammaproteobacteria;o__Thiotrichales	d__Bacteria;p__Abditibacteriota;c__Abditibacteria;o__Abditibacteriales	d__Bacteria;p__Cyanobacteria;c__Cyanobacteriia;o__Synechococcales	d__Bacteria;p__Actinobacteriota;c__Actinobacteria;o__Euzebyales	d__Bacteria;p__Proteobacteria;c__Alphaproteobacteria;o__Caulobacterales	d__Bacteria;p__Verrucomicrobiota;c__Lentisphaeria;o__Lentisphaerales	d__Bacteria;p__Proteobacteria;c__Alphaproteobacteria;o__Rickettsiales	d__Bacteria;p__Actinobacteriota;c__Actinobacteria;o__PeM15	d__Bacteria;p__Acidobacteriota;c__Blastocatellia;o__Blastocatellales	d__Bacteria;p__Acidobacteriota;c__Vicinamibacteria;o__Vicinamibacterales	d__Bacteria;p__Proteobacteria;c__Gammaproteobacteria;o__Salinisphaerales	d__Bacteria;p__Actinobacteriota;c__Coriobacteriia;o__Coriobacteriales	d__Bacteria;p__Planctomycetota;c__Planctomycetes;o__Pirellulales	d__Bacteria;p__Myxococcota;c__Myxococcia;o__Myxococcales	d__Bacteria;p__Actinobacteriota;c__Actinobacteria;o__Streptosporangiales	d__Bacteria;p__Proteobacteria;c__Alphaproteobacteria;o__Puniceispirillales	d__Bacteria;p__Marinimicrobia_(SAR406_clade);c__Marinimicrobia_(SAR406_clade);o__Marinimicrobia_(SAR406_clade)	d__Bacteria;p__Gemmatimonadota;c__Gemmatimonadetes;o__Gemmatimonadales	d__Bacteria;p__Spirochaetota;c__Spirochaetia;o__Spirochaetales	d__Bacteria;p__Deinococcota;c__Deinococci;o__Thermales	d__Bacteria;p__Proteobacteria;c__Alphaproteobacteria;o__uncultured	d__Bacteria;p__Verrucomicrobiota;c__Verrucomicrobiae;o__Verrucomicrobiales	d__Bacteria;p__Nitrospinota;c__Nitrospinia;o__Nitrospinales	d__Bacteria;p__Firmicutes;c__Bacilli;o__Exiguobacterales	d__Bacteria;p__Actinobacteriota;c__Actinobacteria;o__Micromonosporales	d__Bacteria;p__Proteobacteria;c__Gammaproteobacteria;o__OM182_clade	d__Bacteria;p__Dependentiae;c__Babeliae;o__Babeliales	d__Bacteria;p__Patescibacteria;c__ABY1;o__Candidatus_Kerfeldbacteria	d__Bacteria;p__Planctomycetota;c__OM190;o__OM190	d__Bacteria;p__Patescibacteria;c__Gracilibacteria;o__Absconditabacteriales_(SR1)	d__Bacteria;p__Verrucomicrobiota;c__Verrucomicrobiae;o__Chthoniobacterales	d__Bacteria;p__SAR324_clade(Marine_group_B);c__SAR324_clade(Marine_group_B);o__SAR324_clade(Marine_group_B)	d__Bacteria;p__Bdellovibrionota;c__Oligoflexia;o__0319-6G20	d__Bacteria;p__Firmicutes;c__Clostridia;o__Oscillospirales	d__Bacteria;p__Actinobacteriota;c__MB-A2-108;o__MB-A2-108	d__Bacteria;p__Proteobacteria;c__Alphaproteobacteria;o__Azospirillales	d__Bacteria;p__Bacteroidota;c__Rhodothermia;o__Balneolales	d__Bacteria;p__Chloroflexi;c__Anaerolineae;o__SBR1031	d__Bacteria;p__Chloroflexi;c__Chloroflexia;o__Chloroflexales	d__Bacteria;p__Firmicutes;c__Bacilli;o__Brevibacillales	d__Bacteria;p__Patescibacteria;__;__	d__Bacteria;p__Myxococcota;c__Polyangia;o__Polyangiales	d__Eukaryota;p__Phragmoplastophyta;c__Embryophyta;__	d__Bacteria;p__Myxococcota;c__Polyangia;o__Haliangiales	d__Bacteria;p__Patescibacteria;c__Gracilibacteria;o__Gracilibacteria	d__Bacteria;p__Patescibacteria;c__WWE3;o__WWE3	d__Bacteria;p__Planctomycetota;c__Phycisphaerae;o__Tepidisphaerales	d__Bacteria;p__Spirochaetota;c__Leptospirae;o__Leptospirales	d__Bacteria;p__Firmicutes;c__Bacilli;o__Entomoplasmatales	d__Bacteria;p__Proteobacteria;c__Alphaproteobacteria;o__Micavibrionales	d__Bacteria;p__Proteobacteria;c__Gammaproteobacteria;o__Nitrosococcales	d__Bacteria;p__Actinobacteriota;c__Acidimicrobiia;o__uncultured	d__Bacteria;p__Chloroflexi;c__Gitt-GS-136;o__Gitt-GS-136	d__Bacteria;p__Firmicutes;c__Bacilli;o__Alicyclobacillales	d__Bacteria;p__Planctomycetota;c__Planctomycetes;o__Gemmatales	d__Bacteria;p__Chloroflexi;c__Anaerolineae;o__Ardenticatenales	d__Bacteria;p__WPS-2;c__WPS-2;o__WPS-2	d__Bacteria;p__Gemmatimonadota;c__PAUC43f_marine_benthic_group;o__PAUC43f_marine_benthic_group	d__Bacteria;p__Proteobacteria;c__Alphaproteobacteria;o__Sneathiellales	d__Bacteria;p__Firmicutes;c__Bacilli;__	d__Bacteria;p__Cyanobacteria;c__Vampirivibrionia;o__Obscuribacterales	d__Bacteria;p__Chloroflexi;c__Chloroflexia;o__Kallotenuales	d__Bacteria;p__Chloroflexi;c__Ktedonobacteria;o__C0119
101112C14	-14.1124841738489	-4.75521596878738	-13.6743630614571	-1.15844620643071	-1.51582099270503	-4.59589452847152	NA	-7.38940129292364	-7.06809005449049	-15.8967554827935	NA	-18.0666804842358	-15.7447523893485	-3.46647718018198	-13.1359431466729	-8.39072345129407	-9.51209163255818	-8.75266378033446	-11.5197860243482	-12.7447523893485	-12.6072488655985	NA	NA	NA	NA	NA	-14.2086994891082	NA	NA	-16.7447523893485	-17.0666804842358	NA	NA	-14.6072488655985	-8.28122801607728	NA	-13.5431185281788	NA	-14.8187529707922	NA	-17.4817179835147	-9.37843017510264	-16.0666804842358	NA	-9.39072345129407	-15.8967554827935	NA	-16.0666804842358	-14.9792176429855	NA	NA	NA	NA	-15.3662407660947	NA	NA	-14.4817179835147	NA	NA	NA	NA	-15.8967554827935	-18.0666804842358	-15.7447523893485	NA	NA	NA	-12.1597898886273	-7.542628565518	NA	NA	-16.4817179835147	NA	NA	-15.1597898886273	NA	NA	NA	NA	NA	NA	NA	-16.4817179835147	NA	-14.8187529707922	NA	-17.0666804842358	NA	NA	NA	-17.0666804842358	NA	NA	NA	NA	-13.0894005607359	NA	NA	NA	NA	NA	NA	NA	NA	NA	NA	NA	NA	NA	NA	NA	NA	NA	NA	-19.0666804842358	NA	NA	NA	NA	NA	NA	NA	NA	NA	NA	NA	NA	NA	NA	NA	NA	NA	NA	NA	NA	NA	NA	NA	NA	-16.7447523893485	NA	-18.0666804842358	NA	NA	NA	NA	NA	NA	NA	NA	NA	NA	NA	NA
101112C4	-12.0568216119104	-3.8468841583282	-11.6586017306918	-1.55813748517177	-1.43902577490157	-2.82596611523004	NA	-10.2399439157343	-7.6939198251136	-12.9201869198885	NA	-12.7253707429045	NA	-4.83649934557474	-10.6768408489768	-12.2399439157343	-8.80738631741239	-8.08699199289566	-12.0857729856065	-14.0472988377919	-10.9687968641131	-13.2291371607777	-12.0006056023438	NA	NA	NA	-11.9115220587614	NA	NA	-12.0857729856065	-15.1253013497931	NA	NA	-14.2077635099851	-9.75995097461464	NA	-10.9598359965415	NA	NA	NA	NA	-10.9158479841642	NA	NA	-6.99030468165377	-14.2077635099851	NA	-13.1867018944573	NA	NA	NA	NA	-14.250832231877	NA	-14.9732982563481	NA	-11.3352244191674	NA	NA	NA	-16.9732982563481	NA	NA	NA	NA	-14.6513701614607	NA	-10.5270420264585	-5.70826931388992	NA	-15.2077635099851	NA	-15.7102638505143	-13.7102638505143	NA	NA	NA	NA	-14.540338849072	NA	NA	NA	NA	NA	NA	NA	NA	NA	NA	NA	NA	NA	NA	-13.2291371607777	NA	-14.1659433342905	NA	NA	-16.9732982563481	-12.8357947325981	NA	-15.2077635099851	NA	NA	NA	NA	NA	NA	NA	NA	NA	NA	NA	NA	-14.7716643951784	NA	-15.7102638505143	NA	NA	NA	NA	NA	NA	NA	NA	NA	NA	NA	NA	NA	NA	NA	NA	NA	NA	NA	NA	NA	-14.4372453561079	NA	NA	-14.2952263512354	NA	NA	NA	NA	NA	NA	NA	NA	NA	NA	NA	NA
101112C9	-13.1051793598885	-5.35637662018599	-11.9969264692365	-0.891814718143961	-1.87973715133116	-3.77927528522997	NA	-6.88387472304991	-7.7526629451677	-15.6715261824423	NA	-13.7572560564682	NA	-3.96615963164712	-11.8021102922524	-8.9520057227355	-9.34267867361514	-10.7066299833982	-11.9373376729467	-13.1051793598885	-12.501601181	-15.2020408991411	-13.3275717812249	-15.2020408991411	NA	NA	-13.9457011458813	-16.5646109785258	-17.7870033998622	-13.3946859770835	-16.3719659005834	NA	NA	NA	-8.57917560628232	-15.9125342819461	-13.3495980875549	NA	-16.050037805696	NA	NA	-12.6577203829173	-16.5646109785258	NA	-8.87212001350018	NA	NA	-15.050037805696	NA	-15.9125342819461	NA	NA	-15.050037805696	NA	NA	NA	-12.8328070894754	NA	NA	NA	-16.7870033998622	NA	NA	NA	NA	NA	NA	-11.6508667118762	-8.30857081929488	NA	NA	-16.050037805696	NA	NA	-16.7870033998622	NA	NA	NA	-15.3719659005834	NA	NA	NA	NA	NA	-14.4650753049749	NA	-17.3719659005834	NA	-15.2020408991411	-15.6715261824423	NA	NA	NA	NA	NA	-12.4650753049749	NA	NA	NA	NA	NA	NA	NA	NA	NA	NA	NA	NA	NA	NA	NA	NA	NA	NA	NA	-13.1431472100875	NA	NA	NA	NA	NA	NA	NA	NA	NA	NA	NA	NA	NA	NA	NA	NA	NA	-17.050037805696	NA	NA	NA	NA	-16.3719659005834	NA	NA	NA	NA	-16.5646109785258	NA	-14.9796484778046	NA	NA	NA	NA	NA	NA	NA	NA
101112H14	-15.0087678081225	-4.59223414792295	-14.8388428066802	-1.21668292136995	-1.56443229621719	-4.47349243150173	NA	-5.13618911072745	-6.56504720746596	-17.0087678081225	NA	-18.0087678081225	NA	-3.52328437520172	-12.5825030534204	-8.12154719265415	-9.34520970390526	-10.5009731679238	-14.0087678081225	-12.8794847911776	-14.8388428066802	-15.101877212514	NA	-16.6868397132352	-15.5493361894852	-15.6868397132352	-14.3083280899814	NA	NA	-14.5493361894852	-17.0087678081225	NA	NA	-14.150786812995	-8.20867682049754	-15.6868397132352	-14.3649116183478	NA	NA	NA	NA	-10.4275672261976	NA	NA	-8.77036306879746	-16.6868397132352	NA	NA	-16.4238053074014	NA	NA	NA	-14.6868397132352	NA	NA	NA	-13.5825030534204	NA	NA	NA	NA	NA	NA	NA	NA	NA	NA	-12.7799491176267	-7.91667139313174	-12.1885888457073	-17.4238053074014	NA	NA	NA	NA	NA	NA	NA	NA	NA	NA	NA	NA	NA	NA	NA	NA	NA	NA	NA	NA	NA	NA	NA	NA	-12.2143519417724	-14.150786812995	NA	-18.0087678081225	NA	NA	NA	NA	NA	NA	NA	NA	NA	NA	NA	NA	NA	NA	NA	NA	NA	NA	NA	NA	NA	NA	NA	NA	NA	NA	NA	NA	NA	NA	NA	NA	-16.0087678081225	NA	NA	NA	NA	NA	-16.2014128860649	NA	NA	NA	-9.69135519435767	NA	NA	NA	NA	NA	NA	NA	-17.0087678081225	NA	NA	NA	NA
101112H4	-10.5770569514927	-4.01590091185452	-10.5273543346164	-1.38188391209949	-1.86128951013602	-2.25717536484064	-15.2509703751236	-9.37348441808384	-8.00754581500373	-10.9176973066422	NA	-15.3289728871248	NA	-5.10913212628852	-7.32397220606648	-14.5447015781803	-8.94430903688952	-9.12060303265527	-10.1814852748023	-14.2134956697049	-10.5800346512926	-13.770977434004	-11.4932733393733	-15.1769697936798	-11.6040801252592	-14.0394662699299	-11.1814852748023	NA	-15.4988978885672	-9.89156757481755	NA	-18.4988978885672	NA	-13.7175381750425	-9.03027384564914	NA	-10.4599788992749	NA	-14.0394662699299	NA	NA	-11.9675164280508	NA	NA	-7.68311434443897	NA	NA	NA	-16.3289728871248	-17.1769697936798	-15.1769697936798	NA	-15.6915429665096	-14.4114350473168	NA	NA	-9.85504169879244	NA	-13.9443090368895	-14.3696148716222	NA	NA	-14.4545037692087	NA	NA	NA	NA	-11.3289728871248	-6.70793855486834	NA	NA	-15.4114350473168	NA	NA	-14.7440103864037	NA	NA	NA	NA	NA	NA	NA	NA	NA	-13.4545037692087	NA	NA	NA	NA	NA	NA	-15.5920072929586	NA	-14.0726331338651	NA	-18.4988978885672	NA	NA	NA	NA	NA	NA	NA	NA	-14.9753359325101	NA	-15.6915429665096	NA	NA	NA	-12.9753359325101	NA	NA	NA	-13.0559543927184	NA	NA	NA	NA	NA	NA	NA	NA	NA	NA	NA	NA	NA	NA	NA	NA	NA	NA	NA	NA	NA	NA	NA	NA	NA	NA	-15.4988978885672	NA	NA	NA	NA	NA	NA	NA	NA	-13.884188044452	NA	NA	NA
101112H9	-13.9482850920035	-4.78086694617172	-12.7890864971542	-1.10431171322522	-1.57066784403267	-3.99084442937615	-17.855175687612	-7.40139063211582	-7.6414638895063	-16.5332475927246	NA	-14.2702131868908	-15.6852506861697	-3.88233048758439	-11.5697734687497	-8.85095522129378	-9.39165131434079	-10.0836862181114	-14.331613731555	-12.9971946924844	-13.0738159740873	-14.331613731555	-13.6072481741684	-16.855175687612	-15.0478207655544	-14.7677128463616	-13.725892670667	NA	NA	-12.3633225912823	-14.331613731555	NA	NA	-14.6852506861697	-8.59425615394907	NA	-14.2113194978372	NA	-16.0478207655544	NA	NA	-11.675266597597	NA	NA	-8.37135991034772	-17.2702131868908	-16.855175687612	-14.6852506861697	NA	NA	NA	-16.0478207655544	NA	NA	NA	NA	-12.855175687612	NA	NA	NA	NA	NA	-16.2702131868908	NA	NA	NA	NA	-11.1969642048602	-7.20053965908401	-16.5332475927246	NA	NA	NA	-15.855175687612	-16.5332475927246	NA	-15.855175687612	NA	NA	NA	NA	NA	-15.3957440689747	NA	-14.9482850920035	NA	NA	NA	-16.0478207655544	-16.855175687612	NA	NA	NA	NA	NA	-13.8107815682535	NA	NA	NA	-15.2702131868908	NA	NA	NA	-15.855175687612	NA	NA	NA	NA	-17.855175687612	NA	-15.6852506861697	NA	NA	NA	-17.2702131868908	NA	NA	NA	-14.2702131868908	NA	NA	NA	NA	NA	NA	NA	NA	NA	NA	NA	NA	NA	NA	NA	NA	NA	NA	NA	NA	NA	NA	-11.1756955881065	NA	NA	NA	-17.855175687612	NA	NA	NA	NA	NA	NA	NA	NA
101112L14	-15.088099065656	-5.09223098819512	-13.5379019830955	-1.36591667515619	-1.56458086435799	-3.83003785303704	NA	-4.91254951501979	-7.14558456031674	-15.4360223690763	NA	NA	NA	-3.15019984575633	-11.1405664855501	-7.68539150447335	-9.78171182166439	-10.2992642315692	-13.8510598683551	-11.3876593475149	-13.0128109383517	-16.5735258928262	-15.3104914869924	-16.8954539877136	NA	NA	-13.7661709707686	NA	NA	-14.5031365649348	NA	NA	NA	-15.088099065656	-7.61062988748896	-14.9885633921051	-13.1405664855501	NA	-15.8954539877136	NA	NA	-9.40159853847276	-16.3104914869924	NA	-9.77133267588439	-17.3104914869924	NA	NA	NA	-14.8954539877136	NA	NA	-15.3104914869924	NA	NA	NA	-12.9885633921051	NA	NA	NA	NA	NA	NA	NA	NA	NA	NA	-14.8954539877136	-8.14390992862448	-15.3104914869924	NA	NA	NA	NA	NA	NA	NA	NA	NA	NA	NA	NA	-16.5735258928262	NA	NA	NA	NA	NA	NA	NA	-16.5735258928262	NA	NA	NA	NA	-12.0499639367692	NA	NA	NA	-15.1950142695725	NA	NA	NA	NA	NA	NA	NA	NA	NA	NA	-16.5735258928262	NA	NA	NA	-16.8954539877136	NA	NA	NA	NA	NA	NA	NA	NA	NA	NA	NA	NA	NA	NA	NA	NA	NA	NA	NA	NA	NA	NA	-17.8954539877136	NA	NA	NA	-9.67386686644878	NA	NA	NA	NA	-16.5735258928262	NA	NA	NA	-15.5735258928262	NA	-15.3104914869924	NA
101112L4	-12.9388366939525	-4.16247317167187	-10.8645821392591	-1.48777072976764	-1.54846334444161	-2.40856775114716	NA	-9.36919499251509	-9.93629897115059	-11.8987592545772	-15.2812288913996	-13.0224946229994	NA	-5.06413668941653	-8.77797103179765	-15.6291521948199	-9.57683115968979	-9.93629897115059	-12.1343875030703	-13.6291521948199	-11.7666557185698	-13.8406563000136	-12.0662160004287	-14.0885838134572	NA	NA	-11.0717755257706	NA	NA	-11.2120668668922	-14.8406563000136	NA	NA	NA	-9.52062773804171	NA	-11.3812246813763	-15.503621312736	NA	NA	NA	-12.48867097127	NA	NA	-7.73488560440914	NA	-18.0885838134572	-14.0885838134572	NA	NA	NA	NA	-14.0441896940987	NA	NA	NA	-10.4268057156852	NA	NA	-16.2812288913996	NA	NA	-16.2812288913996	-17.503621312736	-15.3881440953161	NA	NA	-10.9905517304966	-6.91803277814047	-16.0885838134572	NA	-15.7666557185698	NA	NA	NA	NA	NA	-15.9186588120149	NA	NA	-17.0885838134572	NA	NA	NA	-13.9593007965122	NA	NA	NA	-14.4447276236825	-13.2812288913996	NA	NA	NA	-13.6962663906784	NA	-15.2812288913996	NA	-13.5967307171275	NA	-14.6291521948199	NA	NA	NA	NA	NA	NA	NA	NA	-15.6291521948199	NA	NA	NA	NA	NA	-14.1343875030703	NA	NA	NA	NA	NA	NA	NA	NA	-15.3881440953161	NA	NA	NA	NA	NA	NA	NA	NA	NA	NA	NA	NA	NA	NA	NA	-14.9186588120149	NA	-12.9388366939525	NA	NA	NA	NA	NA	-14.0441896940987	NA	NA	-12.0117682164063	NA	NA	NA
101112L9	-13.9721496387449	-5.01522903402382	-14.5798322159662	-0.972281727467407	-1.74711170130708	-5.07591185329973	NA	-6.14500544776063	-7.94908838900958	NA	-16.3871871380238	-14.1141686436173	NA	-3.38328863325019	-11.8022246373026	-9.55640787045482	-9.20893727193051	-10.5458848840428	-16.1647947166873	-12.743330948249	-14.1647947166873	-15.0652590431364	-13.8428666217999	NA	NA	NA	-15.2717099206038	NA	NA	-13.6867474198827	-16.1647947166873	NA	NA	-14.8022246373026	-7.83644035264051	-15.8022246373026	-13.5798322159662	NA	-14.9721496387449	NA	-16.9721496387449	-11.1777337723948	NA	NA	-9.39850245125159	-16.6502215438575	NA	-15.0652590431364	NA	-15.6502215438575	NA	NA	-14.7242221253013	NA	NA	NA	-13.4175607870673	NA	NA	NA	NA	NA	-17.9721496387449	NA	NA	NA	NA	-13.5798322159662	-7.53595864326349	NA	NA	NA	NA	NA	-14.8846867974946	NA	-16.6502215438575	NA	NA	NA	NA	NA	NA	NA	-14.8022246373026	NA	NA	NA	-16.6502215438575	NA	NA	NA	NA	NA	NA	-12.7242221253013	NA	-16.6502215438575	NA	NA	NA	NA	NA	NA	NA	NA	NA	NA	NA	-16.3871871380238	NA	NA	NA	NA	-15.8022246373026	NA	NA	-16.3871871380238	NA	NA	NA	NA	NA	-17.3871871380238	NA	NA	NA	NA	NA	NA	NA	NA	NA	NA	NA	-16.6502215438575	NA	NA	-16.3871871380238	NA	NA	-10.264790506664	NA	NA	NA	NA	NA	NA	NA	NA	NA	-16.9721496387449	NA	NA
101112M14	-14.994419735659	-3.91503495726504	-13.8900830758443	-1.20747629969548	-1.69971284114826	-3.90334804424504	NA	-5.81949405315835	-6.86179148658445	-14.2719537111879	NA	-16.5089929084888	NA	-3.66339085140788	-9.52355753624533	-7.7874054154815	-9.58672708699335	-9.90271990152222	-14.2288849892961	-11.7694533706588	-13.0495612898515	-14.1068944649174	-14.5614603283829	-15.5089929084888	NA	NA	-14.5089929084888	NA	NA	-13.1870648136014	-14.6724916407717	NA	NA	-13.3856104929835	-8.25362706338135	-17.7313853298252	-12.5089929084888	NA	NA	NA	NA	-11.2026056644972	NA	NA	-8.71550571615909	-15.1464228291041	NA	-15.2288849892961	NA	NA	NA	NA	-16.994419735659	NA	NA	NA	-12.470857779602	NA	NA	NA	NA	NA	NA	NA	NA	NA	NA	-12.1364387405315	-8.20195477567909	NA	NA	NA	NA	NA	NA	NA	NA	NA	-15.8569162119091	NA	NA	NA	NA	NA	-13.7927858744894	NA	NA	NA	-14.994419735659	NA	-14.1068944649174	NA	NA	NA	-16.5089929084888	-13.0309456116841	NA	NA	NA	NA	-16.994419735659	NA	NA	NA	NA	NA	NA	NA	NA	NA	NA	NA	NA	NA	-15.7313853298252	NA	NA	NA	NA	NA	NA	NA	-16.3163478305464	NA	NA	NA	NA	NA	NA	-18.3163478305464	NA	NA	NA	NA	NA	NA	NA	NA	NA	NA	NA	-9.87547866293552	NA	NA	NA	NA	NA	NA	NA	-17.7313853298252	NA	NA	NA	NA
101112M4	-10.3687787112027	-3.79115232344821	-11.0039526578776	-1.5326457841313	-1.582301989884	-2.5470207669286	NA	-8.79938151362844	-8.41299141653504	-11.19659773582	-14.1559557513227	-11.1018790785669	-14.4189901571565	-4.95730608678781	-7.73529370284997	-14.0404785339028	-8.8360327923257	-9.31325621389994	-10.7636383285439	-16.325880752765	-9.70566092725752	-13.4189901571565	-11.4741317113489	-13.0404785339028	-11.810180914481	NA	-11.0175417226256	NA	-13.2173562959868	-10.4040398156905	-14.2384179115147	NA	NA	-13.8340276564353	-9.00959922101878	NA	-10.4040398156905	NA	-12.1459716627501	-15.8664491341277	NA	-11.4189901571565	-12.4555160331816	NA	-7.70887252511304	-13.1164273871361	-14.9335633299862	-11.7185504390154	NA	-13.6254410346239	NA	NA	-9.80428031304128	-16.7409182520438	-14.5185258307074	NA	-9.74845192472925	-14.9335633299862	-14.5709932506015	-15.0039526578776	NA	NA	-15.1559557513227	-14.0404785339028	NA	NA	-15.0039526578776	-11.2331236118451	-6.35325989070626	-13.802318796708	-16.1559557513227	NA	NA	NA	NA	NA	NA	NA	NA	NA	-14.8664491341277	NA	-14.19659773582	NA	-14.9335633299862	NA	-15.2384179115147	NA	NA	NA	NA	NA	-14.6820245629903	NA	NA	-14.2814866334065	NA	NA	NA	NA	NA	NA	NA	NA	NA	NA	NA	NA	NA	-14.5185258307074	NA	NA	NA	NA	-13.8664491341277	NA	NA	-14.3716844423781	NA	-13.6254410346239	NA	NA	NA	NA	NA	NA	-15.6254410346239	NA	NA	NA	NA	NA	-16.325880752765	-17.7409182520438	NA	NA	NA	NA	-14.5709932506015	-13.6820245629903	NA	-14.6820245629903	-16.1559557513227	NA	NA	NA	NA	NA	NA	NA	NA	NA	NA	-13.802318796708
101112M9	-9.92677284463002	-4.32951497927795	-10.1365852057173	-1.31866519768584	-1.44535259515561	-3.52880533330482	-12.713598953323	-7.23306394429056	-8.14993123096503	-10.4302307049666	NA	-12.6515379851907	-13.7619619748844	-4.29992453299024	-7.58839839637869	-10.713598953323	-9.92907196071961	-9.5313956221022	-10.0414845035067	-12.6822347824136	-9.19487015100188	-12.0818422411229	-12.6515379851907	-13.0315690346416	-12.7456601625553	NA	-11.2045853058351	NA	-12.5775374037469	-10.2847556545191	NA	NA	NA	-13.729540497192	-8.34871871325104	NA	-11.9734660800781	-14.8290761707429	-14.4665060913582	NA	NA	-11.5775374037469	NA	NA	-8.5261653020259	NA	-15.1339307522713	NA	NA	NA	NA	NA	-12.2906562559588	NA	NA	NA	-9.58839839637869	NA	-11.8994654986343	-14.8290761707429	-14.9734660800781	NA	-14.5775374037469	-15.414038671464	NA	NA	NA	-13.4934731389584	-6.91163304879203	NA	NA	-14.6364310928005	NA	NA	NA	NA	NA	NA	NA	NA	NA	NA	-14.3145029979131	NA	-15.0514685920793	NA	NA	NA	NA	NA	NA	NA	-14.1769994741632	NA	NA	-11.7375778162574	NA	NA	NA	-14.0921105765767	NA	NA	NA	NA	NA	NA	NA	NA	-16.0514685920793	NA	-14.0119402278927	NA	-12.9734660800781	NA	NA	NA	NA	NA	NA	NA	NA	NA	NA	NA	NA	NA	NA	NA	NA	NA	NA	NA	-16.6364310928005	NA	NA	NA	NA	NA	NA	NA	NA	-10.0691087512151	NA	NA	NA	NA	NA	NA	NA	NA	NA	NA	-13.9359913746594	NA
123C14	NA	-3.26504711881617	NA	-1.59722706686765	-1.06385833128841	-6.047080540009	NA	-16.8919824160288	-9.60658019716653	NA	NA	NA	NA	-5.20920723696175	NA	-10.1008195274738	-11.5700543211414	-7.16406196146558	-13.5344304114107	-8.75371061585656	NA	NA	-17.3070199153076	NA	NA	NA	NA	NA	NA	NA	NA	NA	NA	-14.7220574145865	-9.86131527978184	NA	NA	NA	NA	-16.5700543211414	NA	-5.10949603704984	NA	NA	-13.4001293196991	NA	NA	NA	NA	NA	NA	NA	NA	NA	NA	NA	NA	NA	NA	NA	NA	NA	NA	NA	NA	NA	NA	NA	-8.44800287342753	NA	NA	NA	NA	NA	NA	NA	NA	NA	NA	NA	NA	NA	NA	NA	NA	NA	NA	NA	NA	NA	NA	NA	NA	NA	NA	-17.3070199153076	NA	NA	NA	NA	NA	NA	NA	NA	NA	NA	NA	NA	NA	NA	NA	NA	NA	NA	NA	NA	NA	NA	NA	NA	NA	NA	NA	NA	NA	NA	NA	NA	NA	NA	NA	NA	NA	NA	NA	NA	NA	NA	NA	NA	NA	NA	NA	NA	NA	NA	NA	NA	NA	NA	NA	NA	NA	NA
123C4	-8.39433345530433	-3.16998096432139	-8.60645118204638	-3.86512980916221	-0.560562799716466	-3.67941347986068	-11.1945330246117	NA	-9.78653880233699	-9.62842955114188	NA	NA	NA	-7.47595196499698	-9.79835455258419	NA	-9.19765912559844	-9.1883010709002	-9.36504365424997	NA	-9.12146956242199	-15.3458423478867	-9.76551129589717	NA	-12.7983545525842	NA	-8.94693425562458	NA	-11.0575973792556	-8.86016782648613	-11.6454026297456	NA	NA	NA	-10.5305822277437	NA	-15.7243539711404	NA	NA	NA	NA	-9.26656271088437	-10.6755946592206	NA	-7.33806033598942	-12.4916932143501	NA	-12.2518661996777	NA	NA	NA	NA	-9.15601778900666	-12.7243539711404	NA	NA	-8.38807058327598	-10.4840396418067	-11.5950709541954	NA	NA	-13.213392051863	NA	NA	-12.213392051863	-13.3738567240563	NA	-9.66041966538631	-5.86715049963225	NA	NA	NA	NA	NA	NA	NA	NA	NA	NA	NA	NA	-10.6200173113257	NA	NA	-11.7243539711404	NA	NA	NA	NA	NA	NA	-12.4169254459482	NA	NA	NA	NA	NA	NA	NA	NA	-11.7064320631431	NA	NA	NA	NA	NA	-13.6887300614097	NA	NA	NA	-12.0128590644903	NA	NA	NA	-12.6887300614097	NA	NA	NA	NA	NA	NA	-15.5868504473905	NA	NA	NA	NA	NA	NA	NA	NA	NA	NA	NA	NA	NA	NA	NA	NA	NA	NA	NA	NA	NA	NA	NA	NA	NA	NA	NA	NA	NA	NA	NA	NA
123C9	-11.0995387813752	-3.1413485976815	-11.8382734683945	-1.34818548292795	-1.24016957688475	-5.1074335062332	-13.4056419091009	NA	-9.17857300055499	-12.5005010954424	NA	-12.1317191871244	NA	-6.50840148352612	-10.8250578488903	-15.0170766211833	-9.99717706374556	-8.53684740895048	-10.9296137799329	-11.0680605499021	-10.2831197768894	-11.4455346362244	-14.379646700568	-14.0995387813752	-12.8294496180075	-13.379646700568	-11.5005010954424	NA	NA	-11.579671308876	NA	NA	NA	NA	-12.268138385351	NA	NA	NA	-12.5870887804384	NA	NA	-6.84576080208682	NA	NA	-10.0145741139801	NA	-15.6020391219044	NA	NA	NA	NA	NA	-12.5005010954424	NA	NA	NA	-11.939074109182	NA	NA	NA	NA	NA	NA	NA	NA	NA	-12.7112681916592	-12.4590811680624	-6.74457642929397	NA	NA	NA	NA	NA	-14.1870016226256	-14.4321141204621	NA	NA	NA	NA	NA	NA	NA	NA	NA	NA	NA	NA	NA	NA	NA	NA	NA	NA	NA	NA	NA	NA	NA	NA	NA	NA	NA	NA	NA	NA	NA	NA	NA	NA	NA	NA	NA	NA	NA	NA	NA	NA	NA	NA	NA	NA	NA	NA	NA	NA	NA	NA	NA	NA	NA	NA	NA	NA	NA	NA	NA	NA	NA	NA	NA	NA	NA	NA	NA	NA	NA	NA	NA	NA	NA	NA	NA	NA
123H14	-14.7498759727101	-3.67343612642085	-14.5019484592665	-1.57362489274286	-0.916207575949345	-8.14347076001232	NA	-17.7498759727101	-9.4122540707176	NA	NA	-15.7498759727101	-17.1649134719889	-6.00042550714019	-12.2580228763804	-12.8672329233483	-12.5019484592665	-8.8580922694918	-13.6624131314598	-13.1060197829354	-14.164913471989	-16.4279478778227	-15.2904443540728	NA	-16.7498759727101	NA	-15.049436254569	NA	-16.4279478778227	-14.3575585499313	NA	NA	NA	-16.4279478778227	-9.07039587320466	NA	NA	NA	NA	NA	NA	-5.10219270482391	NA	NA	-13.3575585499313	NA	NA	NA	NA	NA	NA	NA	-17.1649134719889	NA	NA	NA	-13.8918949775825	NA	NA	NA	NA	NA	NA	NA	-17.7498759727101	NA	NA	-16.1649134719889	-10.3362480436859	NA	NA	NA	NA	NA	NA	NA	NA	NA	NA	NA	NA	NA	NA	NA	NA	NA	NA	NA	NA	NA	NA	NA	NA	NA	NA	NA	NA	NA	NA	NA	NA	NA	NA	NA	NA	-17.7498759727101	NA	NA	NA	NA	-16.1649134719889	NA	NA	NA	-17.1649134719889	NA	NA	NA	NA	NA	NA	NA	NA	NA	NA	NA	NA	NA	NA	NA	NA	NA	NA	NA	NA	-17.1649134719889	NA	NA	NA	NA	NA	NA	NA	NA	NA	NA	NA	NA	NA	NA	NA	NA	NA	NA
123H4	-12.6283356357305	-3.75445731437612	-9.84296971744599	-3.98783549076157	-0.727344554671559	-2.12921667121011	NA	-13.3372868537271	-11.0661830179175	-10.8041068951085	NA	-11.8879794523636	NA	-8.67907537097535	-11.5619931409018	NA	-10.3132127187483	-9.82583827732223	-10.3200501488018	NA	-12.7157984769809	-12.752324353006	-11.9292021150901	NA	-16.4527640711471	NA	-12.2962595854671	NA	NA	-12.6801745672502	-12.2303716498106	-19.0377265718682	NA	NA	-9.4621873250337	NA	-10.1766396658728	-13.5458734755386	-13.9502637306179	NA	NA	-9.78033872917558	-13.4831377201906	-14.1797455767407	-7.30344033977189	NA	NA	-12.2828390697048	NA	NA	NA	NA	NA	-13.4527640711471	NA	NA	-9.71805445092124	NA	NA	NA	-12.7709400311733	NA	-14.7157984769809	NA	NA	NA	-13.752324353006	-9.96626420931161	-7.08389388972296	NA	NA	NA	NA	NA	NA	NA	NA	NA	NA	NA	NA	NA	NA	NA	-11.8380542270319	NA	NA	NA	-16.7157984769809	NA	NA	NA	NA	NA	NA	-13.1550835225064	NA	NA	NA	NA	NA	NA	NA	NA	NA	NA	-13.3653012298967	NA	-14.5141646158112	NA	NA	NA	NA	NA	-13.1069892343054	NA	NA	NA	NA	NA	NA	NA	NA	NA	NA	NA	NA	NA	NA	NA	NA	NA	NA	-15.4527640711471	NA	NA	-14.7897990584247	NA	NA	NA	NA	NA	NA	NA	NA	NA	NA	NA	NA	NA	NA	-12.0043035703308	NA	NA
123H9	-14.0607069439123	-3.46516566290671	-11.6127253460185	-1.60448646926619	-1.14120395389858	-3.2386557471566	NA	-15.9993063992481	-9.53170084916512	-14.1919514771905	NA	-13.414343898527	NA	-7.6830248675019	-11.8360760503798	NA	-11.601275325275	-10.0220264757482	-12.3748155343403	-14.298866681107	-10.2421942319701	-13.0924158036396	-12.7387788490249	-15.8838291818282	-16.414343898527	-14.1919514771905	-11.399393557061	NA	NA	-12.9843560577821	-14.1919514771905	NA	NA	-12.5842688999693	-10.8360760503798	NA	-11.5289864644681	NA	-13.9118435579978	-17.9993063992481	NA	-7.44599709979706	NA	NA	-9.02776284529735	-16.2623408050819	NA	NA	NA	NA	NA	NA	-15.3363413865257	NA	NA	NA	-11.7704877087522	NA	NA	-16.7769139779117	NA	NA	NA	-14.7262879048417	NA	NA	NA	-13.3174823592744	-9.23775516680364	-14.6773783043608	NA	NA	-17.2623408050819	NA	NA	NA	NA	NA	NA	NA	NA	NA	NA	NA	-17.5842688999693	NA	NA	NA	NA	NA	NA	-16.9993063992481	NA	-15.8838291818282	NA	-16.2623408050819	NA	NA	NA	NA	NA	NA	-15.9993063992481	NA	NA	NA	NA	NA	NA	NA	NA	NA	NA	NA	NA	NA	NA	NA	NA	NA	NA	NA	NA	NA	NA	NA	NA	-16.7769139779117	NA	NA	NA	NA	NA	NA	NA	NA	NA	NA	NA	NA	NA	NA	NA	NA	NA	-16.7769139779117	NA	NA	NA	NA	NA	NA	NA	NA
123L14	-13.1192000429044	-3.03055022160123	-15.7258576147249	-1.41912917221748	-1.15065682124912	-7.97279284816827	NA	-15.2783986377537	-9.60408865143726	-16.3779343113046	NA	-15.8633611384749	NA	-5.58328636982477	-10.634542447979	-16.6003267326411	-11.9564705428663	-7.26456421361104	-13.0355421138575	-11.9185026926673	-10.6500138567414	-16.8633611384749	-14.9373617199186	-16.8633611384749	-17.1852892333622	NA	-13.6934361370325	-17.6003267326411	-16.6003267326411	-11.3149245137788	-17.6003267326411	-15.6003267326411	NA	-13.457368778799	-10.5058091338568	NA	NA	NA	-16.6003267326411	NA	NA	-6.57449506430904	-17.6003267326411	NA	-11.9758358677333	-17.1852892333622	NA	NA	NA	NA	NA	NA	-16.6003267326411	NA	NA	NA	-15.0978263921119	-16.6003267326411	NA	NA	-18.1852892333622	NA	-17.1852892333622	-16.3779343113046	NA	NA	-17.1852892333622	NA	-7.34569175034104	NA	NA	NA	NA	NA	NA	NA	NA	NA	-15.7258576147249	NA	NA	-17.6003267326411	-16.6003267326411	NA	NA	NA	-17.6003267326411	NA	NA	NA	NA	-16.8633611384749	NA	-17.6003267326411	NA	-15.8633611384749	-15.0978263921119	NA	NA	-17.1852892333622	NA	NA	NA	-15.3779343113046	NA	NA	-17.6003267326411	NA	NA	NA	-16.8633611384749	NA	-15.0153642319199	NA	NA	-17.6003267326411	NA	NA	NA	NA	NA	-15.3779343113046	NA	NA	NA	NA	NA	NA	NA	NA	NA	NA	NA	NA	NA	-16.0153642319199	NA	NA	NA	NA	NA	NA	NA	NA	NA	NA	NA	NA	NA	NA	NA	NA	NA	NA
123L4	-10.9448677395768	-2.84733720191629	-10.4017254145503	-3.88024899467006	-0.676632094218344	-3.73047151672431	-17.659113257243	-13.3860947628365	-9.940295009787	-12.9042257550795	NA	-11.1779865675063	NA	-7.08672882260126	-9.75623572414105	-15.1566129167138	-10.4858525432374	-6.77647020788111	-11.3860947628365	-12.2217079449357	-9.43189845244966	-12.7846441393268	-11.2898794475772	NA	-11.4958829083746	NA	-12.449659891614	-14.2898794475772	NA	-9.39232671654805	-12.7049169468561	-17.2440757579641	NA	-14.3860947628365	-9.91315887984949	NA	-11.8346848218264	-13.8517583351853	-11.3192632543583	NA	NA	-8.60292716055287	-13.1147927410191	NA	-6.61494685393593	-14.7205138019071	NA	-12.1045244055653	NA	NA	-14.6002195681894	NA	-13.7205138019071	-13.543636039823	-11.895347603733	NA	-10.3222348208896	NA	NA	NA	-14.3860947628365	NA	NA	-15.3371851623556	NA	-16.4367208359065	-11.5787398407789	-8.50092436385161	-4.46440769408516	NA	-15.4367208359065	-15.0741507565218	NA	NA	NA	NA	NA	NA	NA	-15.9221476630767	NA	NA	-16.2440757579641	NA	-11.0395046137149	NA	NA	NA	NA	NA	-14.9221476630767	-16.2440757579641	NA	-13.2898794475772	NA	-13.7846441393268	NA	NA	NA	NA	NA	NA	NA	NA	NA	NA	-14.7205138019071	-14.3371851623556	NA	NA	-12.6591132572429	-15.6591132572429	NA	-13.0542511990841	NA	NA	NA	NA	NA	NA	NA	NA	NA	NA	-14.8517583351853	NA	NA	NA	NA	NA	-15.2440757579641	NA	NA	NA	NA	-14.543636039823	-13.4111857437994	NA	NA	NA	NA	NA	NA	NA	NA	NA	NA	NA	NA	NA	NA	NA	NA	NA
123L9	-8.80026146505798	-2.52413083390424	-9.16007699460181	-1.85232015245611	-1.28511542926964	-3.7412037330522	-11.9115630065067	NA	-9.16503897727788	-11.1712655516428	NA	NA	NA	-6.50482345226111	-6.85308634160432	NA	-10.9199264794414	-9.46202071503502	-8.03842120225275	-12.59130373198	-7.74210137267427	-11.8704578031771	-11.666711134638	-13.5388363120858	-10.5420602129601	NA	-8.03899042500264	-15.0242631392561	-11.9538738113647	-9.43479924629999	-17.7612287334223	-18.3461912341435	-12.312768232606	-16.1762662327011	-11.312768232606	NA	-13.59130373198	NA	-9.75000147799904	NA	NA	-7.57305202742376	NA	NA	-8.88368896154619	-12.2587283928931	NA	NA	NA	NA	NA	NA	-11.9624869416694	NA	-13.0982637206999	NA	-10.1662821441285	NA	-15.7612287334223	-15.4393006385349	NA	NA	-13.0063412312588	NA	-13.7023350443687	NA	-11.8623754568792	-12.2169082171985	-7.25773423065722	-13.2587283928931	NA	-14.3461912341435	NA	NA	-15.8867596155062	NA	NA	NA	NA	NA	-13.9886392295254	-13.3919949237566	-10.4574479852452	NA	NA	NA	-16.0242631392561	NA	NA	NA	-14.59130373198	NA	NA	NA	NA	-13.2801020436857	NA	NA	NA	NA	-13.3689113106435	NA	-14.3919949237566	NA	NA	NA	NA	NA	NA	NA	-9.95602227794327	NA	NA	NA	-14.59130373198	NA	NA	NA	NA	NA	NA	-14.1367378685145	NA	-14.9538738113647	NA	NA	NA	NA	NA	NA	NA	NA	NA	NA	NA	NA	NA	NA	NA	NA	NA	NA	NA	NA	-12.9368002980057	NA	NA	NA	NA	NA	NA	NA	NA	NA
123M4	-8.87236401447196	-3.03326155408833	-10.5344193833806	-3.2391934887023	-0.706211622956613	-3.06986751919375	-13.0601426807271	NA	-11.6327214569924	-10.5087327397169	NA	NA	-14.1632361736912	-7.83132399023119	-8.83730614824631	NA	-9.29424218584118	-9.22289538435889	-11.0601426807271	-12.6513371351597	-10.4024238375706	-10.58720679774	-9.43028364203159	-15.7481986744123	-14.7481986744123	-13.5605716712366	-10.5916941887323	NA	NA	-9.5561799021194	NA	NA	-10.5172442395725	NA	-11.2316231486714	NA	NA	NA	-14.5258062530759	NA	NA	NA	NA	NA	-7.70198411942951	NA	NA	-12.5258062530759	NA	NA	NA	NA	-11.1565724434102	NA	-13.3034138317394	NA	-8.49816349800675	NA	-14.5961955809673	-16.110768753797	NA	NA	NA	-14.0112330802461	NA	NA	NA	-10.0477589562712	-6.77857232345585	NA	NA	NA	NA	NA	NA	NA	NA	NA	NA	NA	NA	-12.4423902448882	NA	NA	-14.0112330802461	NA	NA	NA	NA	NA	NA	NA	NA	NA	NA	-12.9181236758546	NA	NA	NA	NA	NA	NA	NA	NA	NA	NA	NA	NA	NA	NA	NA	NA	NA	NA	NA	-12.8520344853969	NA	NA	NA	NA	NA	NA	NA	NA	NA	NA	NA	NA	NA	NA	NA	NA	NA	NA	NA	NA	NA	-11.76837655635	NA	NA	NA	-13.4918589211525	NA	NA	NA	NA	NA	NA	NA	NA	NA	NA	NA	NA
123M9	-9.28478039162745	-3.42504356207266	-9.68146199121445	-1.56080337886615	-1.33271217917736	-3.14747495341229	-14.7712802534629	-16.9412052549052	-8.20311299528474	-12.7513806960252	-13.3562427541841	-12.4654718239388	NA	-6.02048023515405	-7.22395724907758	-14.6192771600179	-10.3412924127181	-9.44135936782202	-10.8379174464932	-12.7513806960252	-7.97975556050703	-9.64428904802594	-13.0104679173423	NA	-10.5318143187675	NA	-9.52546348661514	-14.7712802534629	-13.4817736362679	-9.57269879339754	-13.2973490651305	NA	NA	NA	-10.3450154987608	NA	-14.2973490651305	NA	-10.8751160644475	NA	-14.6192771600179	-7.0847797262797	-13.7317518892763	NA	-8.39720680477069	-13.1338503328476	-15.2407655367641	NA	NA	NA	NA	NA	-12.1338503328476	NA	NA	NA	-10.4255054166212	NA	NA	NA	NA	NA	-13.6192771600179	NA	NA	NA	-12.3866164032276	-13.3866164032276	-8.34315275474363	NA	NA	NA	NA	NA	-13.32649541079	NA	NA	NA	NA	NA	-13.8968111355468	-15.9412052549052	NA	NA	-13.655803036043	NA	NA	NA	NA	NA	NA	-14.9412052549052	NA	-14.0343146592967	NA	NA	NA	-14.2973490651305	NA	-14.9412052549052	NA	NA	NA	NA	-14.7712802534629	NA	NA	NA	-15.4817736362679	NA	-11.8751160644475	NA	-13.9412052549052	NA	NA	NA	NA	-17.3562427541841	NA	NA	NA	NA	NA	NA	-13.213284800342	NA	NA	NA	NA	NA	NA	NA	NA	NA	NA	NA	NA	NA	NA	NA	NA	NA	NA	NA	NA	NA	NA	NA	NA	NA	NA	NA	NA	-14.4817736362679
131415C14	-15.4214841188107	-4.52843544835584	-14.6141291967531	-1.09222501454034	-1.87814008684889	-4.43890640054155	NA	-7.08497755900048	-6.02791489982251	-16.4214841188107	NA	NA	NA	-2.90254415725519	-13.7585191060883	-10.5928186905077	-9.69129705727559	-11.6845185246445	-13.9189837782815	-14.2515591173684	-14.3060069013908	-17.0064466195319	-15.0995560239234	-16.1990916974743	NA	-16.0064466195319	-17.0064466195319	-17.0064466195319	-18.0064466195319	-15.4214841188107	-16.6845185246445	NA	NA	-13.3060069013908	-8.04644468746381	NA	-15.0995560239234	NA	NA	NA	NA	-11.7872780990697	-16.0064466195319	NA	-8.42901779149614	NA	NA	-17.0064466195319	NA	-14.2515591173684	NA	NA	-17.0064466195319	NA	NA	NA	-14.7585191060883	NA	NA	NA	NA	-16.1990916974743	NA	NA	-18.0064466195319	NA	NA	-11.7585191060883	-8.50859478258077	NA	NA	NA	-18.0064466195319	NA	-17.4214841188107	NA	NA	NA	NA	NA	NA	NA	NA	NA	-14.1484656244043	NA	-18.0064466195319	NA	NA	NA	NA	NA	NA	NA	NA	-13.2515591173684	NA	-17.0064466195319	NA	NA	NA	NA	NA	-15.3060069013908	NA	NA	NA	NA	NA	NA	NA	NA	NA	NA	NA	NA	NA	NA	NA	NA	NA	NA	NA	NA	NA	NA	NA	NA	NA	NA	NA	NA	NA	NA	NA	NA	NA	NA	NA	NA	NA	-16.6845185246445	NA	NA	NA	NA	NA	NA	NA	NA	NA	NA	NA	NA
131415C4	-11.7708834215798	-4.59082873470255	-10.9991524092529	-0.978743869301859	-2.01610181216608	-2.98097608012086	-13.7499238029441	-8.17773373610884	-7.12365316273825	-12.1557427721936	NA	-12.1374805658009	-15.4503635210852	-4.71169066821234	-7.501266365356	NA	-8.88430948291412	-11.7850276039	-11.439136265662	-14.4503635210852	-10.7744064881435	-12.5315002838106	-11.4224575245153	-15.5434729254767	-14.2409101554563	-13.83565367697	-11.2754378385845	NA	-14.1284354261978	-10.4224575245153	-13.8654010203641	NA	NA	NA	-9.70384919994674	NA	-13.3842743306274	NA	NA	-16.2804385196429	NA	NA	NA	NA	-7.52073523806065	NA	NA	NA	NA	NA	NA	NA	-13.9909319024479	-15.2804385196429	NA	NA	-9.950517634002	-13.4503635210852	NA	-15.6430085990276	NA	NA	NA	NA	NA	NA	-16.6430085990276	-10.729264332378	-7.21824243700299	-17.1284354261978	-15.4503635210852	-14.4503635210852	NA	NA	-16.1284354261978	NA	NA	NA	NA	NA	NA	NA	NA	NA	-12.2804385196429	NA	NA	NA	NA	NA	NA	NA	NA	NA	NA	-12.6559476547351	NA	NA	NA	-12.3108121686864	NA	NA	-13.2409101554563	NA	-14.0928115164671	NA	NA	NA	NA	NA	-13.6690038075605	NA	NA	NA	NA	NA	NA	NA	NA	NA	NA	NA	NA	NA	NA	NA	NA	-15.1284354261978	NA	NA	NA	NA	-15.6430085990276	NA	NA	NA	NA	NA	NA	NA	NA	NA	NA	NA	NA	NA	NA	NA	NA	NA	NA	NA	NA	NA
131415C9	-14.9574043856003	-5.35316005172443	-13.319974464985	-0.915578898654405	-1.77069688490156	-3.93750482816259	-17.1273293870426	-6.23137549423044	-8.11890076497203	-14.4834731972679	-14.2204387914341	-16.319974464985	-14.3724418848791	-4.16800659401681	-12.2569646674592	-9.07476133623845	-9.06798492621818	-12.8419271681804	-12.1848148817034	-13.1273293870426	-12.0505137899918	-15.9574043856003	-13.6678977684053	NA	-15.4268896689015	NA	-13.269348391915	-16.5423668863215	-15.9574043856003	-14.2204387914341	-14.7350119642638	-17.1273293870426	NA	-14.6037674309856	-9.04917857930796	-14.6678977684053	-13.3724418848791	NA	NA	NA	NA	-14.269348391915	-14.9574043856003	NA	-8.519999073293	NA	NA	-16.1273293870426	NA	NA	NA	NA	NA	NA	NA	NA	-12.6678977684053	-15.4268896689015	NA	NA	-15.9574043856003	NA	NA	-16.5423668863215	NA	-16.1273293870426	NA	-12.1615451023805	-8.46110538423943	-10.9775822675379	-15.6678977684053	-14.6037674309856	NA	NA	NA	NA	NA	NA	NA	NA	NA	NA	NA	NA	-14.0398665457923	NA	-14.1273293870426	NA	-15.0398665457923	NA	NA	NA	NA	NA	-14.8054012921552	-12.7697773824245	NA	NA	NA	NA	-15.4268896689015	NA	NA	-14.4834731972679	-16.5423668863215	NA	NA	NA	NA	NA	-14.6037674309856	NA	NA	NA	NA	NA	NA	NA	NA	NA	NA	NA	-16.1273293870426	NA	NA	NA	NA	NA	-16.319974464985	NA	NA	NA	NA	NA	-16.8054012921552	NA	NA	NA	NA	NA	NA	-18.1273293870426	-13.4549040450711	NA	NA	NA	NA	NA	NA	NA	NA	NA	NA	NA
131415H14	-13.0325149463767	-5.11304704093256	-14.4971832133802	-1.1514287015349	-1.48706776469863	-4.68167182602425	NA	-6.01724131190304	-7.69550718412658	-16.5560769024337	NA	-16.8191113082675	-16.8191113082675	-3.42165058221281	-11.433680271074	-9.86724380394063	-9.72952841514282	-12.4405996850138	-13.5263295590397	-11.765999971808	-13.6174774470979	-16.5560769024337	-15.0535765619046	-16.8191113082675	-15.5560769024337	NA	-14.7487219803761	NA	NA	-13.5560769024337	-16.8191113082675	NA	NA	-15.9711144017126	-8.08304768039572	NA	-16.1410394031549	NA	NA	NA	NA	-12.7487219803761	NA	NA	-10.1694958492041	NA	-16.1410394031549	NA	NA	NA	NA	-15.8191113082675	-15.0535765619046	NA	NA	NA	-13.8931118897113	-16.3336844810973	-16.8191113082675	NA	NA	NA	NA	NA	NA	NA	NA	-13.7147746484528	-9.05756007582305	NA	NA	NA	NA	NA	NA	NA	NA	NA	NA	NA	NA	NA	-18.1410394031549	NA	-15.5560769024337	NA	NA	-16.5560769024337	NA	NA	-17.5560769024337	NA	NA	NA	-15.8191113082675	-12.3336844810973	NA	NA	NA	-16.5560769024337	NA	NA	NA	NA	NA	NA	NA	NA	NA	NA	NA	NA	NA	NA	-16.8191113082675	NA	NA	NA	NA	NA	NA	NA	NA	NA	-17.1410394031549	NA	NA	NA	NA	NA	NA	NA	NA	NA	NA	NA	NA	NA	NA	NA	NA	-10.110372266908	NA	NA	NA	NA	NA	NA	NA	NA	NA	NA	NA	NA
131415H4	-14.5862709932312	-4.10922109598652	-11.4243833108543	-1.43730988671186	-1.9189598300446	-1.96722027927793	-15.5862709932312	-9.49457115909435	-8.14001476334159	-11.9893358508439	-14.5158816653398	-12.4324656571521	-16.3232365873974	-5.1420843305318	-9.3288831505385	-13.6987457224896	-9.96568458277928	-15.00130849251	-13.00130849251	-14.1533115859551	-11.6793803976226	-13.4819343334164	-11.6414125474236	NA	-14.5862709932312	-13.9081990881185	-11.7584519686138	NA	-14.8207362468682	-11.4652555922698	NA	NA	NA	NA	-9.86928009882622	NA	-12.1268393745939	-16.5862709932312	-13.9540027777316	-16.5862709932312	NA	NA	NA	NA	-7.70301676188988	NA	NA	-12.6414125474236	NA	NA	NA	NA	NA	NA	NA	NA	-10.0595761476892	NA	NA	-15.5862709932312	NA	NA	NA	NA	NA	NA	-14.6602715746749	-11.3924992498345	-7.43347914159204	NA	NA	-16.3232365873974	NA	NA	NA	NA	NA	NA	NA	NA	NA	NA	NA	NA	-12.6227968692563	NA	-14.3846371320615	NA	NA	NA	NA	NA	NA	NA	NA	-13.4487674694812	NA	NA	NA	NA	-15.2077593699774	NA	NA	NA	NA	NA	NA	NA	NA	NA	NA	-15.1008441660609	NA	NA	-15.1008441660609	NA	NA	NA	NA	NA	NA	NA	NA	NA	NA	NA	-15.5862709932312	NA	NA	NA	NA	-13.7382740866762	NA	NA	NA	NA	NA	NA	-15.3232365873974	NA	NA	-13.1268393745939	-15.3232365873974	NA	NA	NA	NA	NA	NA	NA	NA	NA	NA	NA
131415H9	-13.690742071042	-4.50759545198226	-14.0346964722594	-1.12894788409752	-1.55287763923078	-3.48261858263817	NA	-8.09398759298923	-8.07068890585249	-15.1501736896793	NA	-14.4132080955131	NA	-4.36383598629456	-10.4222532351161	-10.6744402587129	-9.89908583534239	-12.8771551952729	-14.1501736896793	-13.2432830940708	-13.0912800006257	NA	-13.7809398800136	NA	NA	-16.1501736896793	-14.0346964722594	-16.4132080955131	-16.4132080955131	-12.980248688237	-17.1501736896793	NA	NA	-16.1501736896793	-8.71138183710104	NA	-15.9277812683429	NA	NA	NA	NA	-14.9277812683429	NA	NA	-8.80439885283757	-16.1501736896793	NA	-14.4872086769569	NA	NA	NA	NA	-16.4132080955131	NA	NA	NA	-13.690742071042	NA	NA	NA	NA	NA	NA	NA	NA	NA	NA	-13.0912800006257	-8.07246781488292	NA	NA	-15.7351361904005	NA	NA	NA	NA	NA	NA	-15.9277812683429	NA	NA	NA	NA	NA	-14.0346964722594	NA	NA	NA	NA	NA	NA	NA	NA	NA	NA	-13.1805473387228	NA	NA	NA	NA	NA	NA	NA	NA	NA	NA	NA	NA	NA	NA	NA	NA	NA	-16.7351361904005	-17.1501736896793	NA	NA	NA	NA	NA	NA	NA	NA	NA	NA	NA	NA	NA	NA	NA	NA	NA	NA	NA	NA	NA	NA	NA	NA	NA	NA	-11.5853890708958	-17.1501736896793	NA	NA	-14.7351361904005	NA	NA	-17.1501736896793	NA	NA	NA	NA	NA
131415L14	-16.0280391414588	-4.608386139415	-14.403548276551	-1.10330394482822	-1.65794775945308	-4.67875791264131	NA	-5.75017059528192	-7.64397494002914	NA	NA	-18.0280391414588	NA	-3.32121939512495	-13.5906338291515	-8.35561379948726	-9.91951468468059	-11.905642510099	-16.6130016421799	-13.1700581463312	-14.8056467201223	-15.9125619240388	-15.3650741287363	NA	NA	NA	-14.9125619240388	NA	-17.2910735472926	-15.9125619240388	NA	-15.9125619240388	NA	-15.0280391414588	-8.02054460491184	NA	-13.9982917980647	NA	NA	NA	NA	-11.2036107060422	NA	NA	-10.5878620799014	NA	NA	NA	-16.2910735472926	NA	NA	NA	-17.0280391414588	NA	NA	NA	-15.4430766407376	NA	NA	-18.0280391414588	NA	NA	-17.0280391414588	NA	NA	NA	NA	NA	-8.12817874791777	NA	NA	NA	NA	NA	NA	NA	NA	NA	NA	-18.6130016421799	NA	NA	NA	NA	-15.2206842194012	NA	NA	NA	-17.2910735472926	NA	NA	NA	NA	NA	NA	-13.1867368874778	NA	NA	NA	NA	NA	NA	NA	NA	NA	NA	NA	NA	NA	NA	-17.2910735472926	NA	NA	NA	NA	NA	NA	NA	NA	NA	NA	NA	NA	NA	NA	NA	NA	NA	NA	NA	-18.6130016421799	-17.0280391414588	NA	NA	NA	NA	NA	NA	NA	NA	NA	-11.1659184159703	NA	NA	NA	NA	NA	NA	NA	NA	NA	NA	NA	NA
131415L4	-11.667866374088	-3.81060307819128	-9.83303071560825	-1.81686067062268	-1.34412413019059	-2.58433590639912	-15.9088744735918	-9.04637799734169	-8.27422840655715	-11.1588527266001	NA	-13.1588527266001	-15.4614154966205	-4.55492570530432	-9.39102616872914	NA	-8.60343450149296	-14.1588527266001	-10.7833435915079	-14.844744136172	-10.9295142396508	-11.7462542727727	-10.1933804097284	NA	-14.4141097818422	NA	-11.4979413726456	NA	-14.6134185900656	-10.5869463787044	-14.2808432509787	NA	-13.2390230752841	NA	-9.64720690352187	-14.5609511701714	-12.6818055650458	NA	NA	NA	NA	-13.7833435915079	NA	NA	-7.07627210672951	NA	NA	-13.2185589727244	NA	NA	NA	NA	-13.6958807502576	NA	NA	NA	-9.96316462909271	NA	-13.3239119728706	-17.3683060922291	NA	NA	NA	NA	NA	NA	NA	-11.2390230752841	-6.02082313158935	NA	NA	-13.1394874017332	NA	NA	NA	NA	NA	NA	NA	NA	NA	-14.3239119728706	NA	NA	-12.4141097818422	NA	NA	NA	-14.1588527266001	NA	NA	NA	-14.0463779973417	NA	NA	-13.1203785787855	NA	NA	NA	NA	NA	NA	-13.6134185900656	NA	NA	NA	NA	NA	NA	NA	NA	NA	NA	NA	-14.1588527266001	NA	NA	NA	NA	NA	NA	NA	-16.1983810907867	-13.7833435915079	NA	NA	NA	NA	NA	NA	NA	NA	NA	NA	NA	NA	NA	NA	NA	NA	NA	-14.0829038733668	NA	NA	NA	NA	NA	-13.4614154966205	NA	NA	NA	NA	NA	NA
131415L9	-12.374892048485	-4.13889640344128	-13.1766659382793	-1.14574254531311	-1.61012329987404	-3.7962633766389	NA	-6.95566675224275	-8.43192299352141	-14.8625573478513	NA	-16.5787643818507	NA	-3.93371717230633	-9.73686312639097	-9.58845777805452	-9.44948136490571	-13.1193327632134	-11.8942662075786	-14.100717085046	-13.4088393804084	NA	-15.216194302466	-15.1381917904647	-16.3861193039083	-14.3417251845498	-15.2986564626579	NA	-15.216194302466	-11.8392248440206	-16.8011568031871	NA	NA	-15.926687685271	-8.2446507485152	-15.926687685271	-13.6047595903836	NA	-16.216194302466	NA	NA	-13.100717085046	NA	NA	-8.98204216766705	-17.0641912090209	NA	-16.216194302466	NA	NA	NA	NA	NA	NA	NA	NA	-12.5157545843249	NA	-14.8011568031871	NA	NA	NA	-16.3861193039083	NA	NA	NA	-16.216194302466	-12.5034762545464	-8.13878512587955	NA	NA	NA	NA	NA	NA	NA	NA	NA	NA	NA	NA	NA	-15.8011568031871	NA	-14.8011568031871	NA	NA	NA	NA	NA	NA	NA	NA	NA	-17.3861193039083	-12.7567626838287	NA	NA	NA	NA	NA	NA	NA	NA	NA	NA	NA	NA	NA	NA	-16.5787643818507	NA	NA	NA	NA	NA	NA	NA	NA	NA	NA	NA	NA	NA	NA	NA	NA	-16.8011568031871	NA	NA	NA	NA	NA	NA	NA	NA	NA	NA	NA	NA	NA	-11.3308368684071	NA	NA	NA	NA	-15.6856795857672	NA	NA	NA	NA	NA	NA	NA
131415M14	-15.2427228847647	-5.37245450220123	-15.0727978833224	-1.3896753290229	-1.16164519928947	-6.20689281192972	NA	-5.73691133084515	-7.53579524514734	NA	NA	-14.7832912661274	NA	-3.48741799650234	-11.8164581300626	-6.75991492803807	-10.0980646419329	-12.0528983258847	-16.0727978833224	-10.808094657128	-13.7832912661274	-15.2427228847647	-15.0727978833224	NA	-15.7832912661274	NA	-14.850405461986	NA	NA	-15.4353679627071	NA	NA	NA	-17.6577603840436	-7.49076047130389	-17.6577603840436	NA	NA	NA	NA	NA	-12.5702975427932	NA	NA	-10.3002083794255	NA	NA	NA	NA	NA	NA	-16.6577603840436	NA	NA	NA	NA	-13.4613631712401	NA	NA	NA	NA	NA	NA	-17.2427228847647	NA	NA	NA	-13.3600798354029	-9.63539257101513	-16.9207947898774	NA	NA	NA	NA	NA	NA	NA	NA	NA	NA	NA	-17.2427228847647	-15.0727978833224	NA	NA	NA	NA	NA	-17.6577603840436	NA	NA	NA	NA	-18.2427228847647	NA	-12.3479051214568	NA	-18.2427228847647	NA	NA	NA	NA	NA	NA	NA	NA	NA	NA	NA	NA	NA	NA	NA	NA	-18.2427228847647	NA	NA	NA	NA	NA	NA	NA	NA	NA	NA	NA	NA	NA	NA	-16.0727978833224	NA	NA	NA	NA	NA	NA	NA	NA	NA	NA	-17.2427228847647	-10.738897146769	NA	NA	NA	NA	NA	NA	NA	NA	NA	NA	NA	NA
131415M4	-12.8587014501892	-5.07011904768593	-12.3041125985115	-0.950129004157491	-1.7493264700885	-3.32589911508933	NA	-8.59582359527962	-9.43803940171646	-13.4436639509103	-16.121735856023	-13.8587014501892	NA	-4.75039480801713	-10.3482669281178	-12.35620110966	-9.5997428996213	-14.984232332273	-11.8437511087232	-12.6754796261334	-10.1862761082177	-17.4436639509103	-13.7157434963471	NA	-16.6363090288527	-15.7432242327692	-13.273738949468	NA	-15.984232332273	-12.1127470727957	-14.7998077611356	-19.4436639509103	NA	-15.984232332273	-8.15826173204809	NA	-12.7021969645092	NA	NA	NA	NA	-16.8587014501892	NA	NA	-8.87191130740679	NA	NA	-15.984232332273	NA	NA	NA	NA	-16.273738949468	NA	-16.6363090288527	NA	-11.4836620188423	NA	NA	-17.121735856023	NA	NA	NA	NA	NA	NA	NA	-11.460670376216	-8.468532493989	NA	NA	NA	NA	NA	NA	NA	NA	NA	NA	NA	-17.8587014501892	-16.6363090288527	-16.6363090288527	NA	-13.9201019948533	NA	-15.35620110966	NA	NA	NA	NA	NA	NA	NA	NA	-14.0861119462923	NA	-17.121735856023	NA	NA	NA	NA	NA	NA	NA	NA	-16.273738949468	NA	NA	-14.984232332273	NA	NA	NA	NA	NA	NA	NA	NA	NA	NA	NA	NA	NA	NA	NA	NA	NA	NA	NA	NA	NA	NA	NA	NA	NA	NA	NA	NA	NA	NA	NA	-13.5129266133475	NA	NA	NA	NA	NA	NA	NA	NA	NA	NA	NA	NA
131415M9	-11.1346113951193	-3.84405803209126	-11.710557022483	-1.4677668920734	-1.40502261343961	-3.23489934143343	NA	-7.38526207649723	-7.92944247762931	-13.9601709125545	NA	-12.9284620528271	-14.4978276984973	-4.18626247359	-12.6706642953595	-10.2721149188692	-9.34873620047211	-11.8373141647689	-11.6446690868265	-12.751584290743	-12.5816592893007	-14.3645611676338	-12.6191339947194	NA	NA	NA	-12.852111166697	NA	-16.2820990074418	-12.9601709125545	-16.2820990074418	NA	NA	NA	-8.61518464913542	NA	-13.3645611676338	NA	-15.751584290743	NA	NA	-14.9284620528271	-14.867061508163	NA	-7.68881164206974	-14.3645611676338	NA	-16.6446690868265	NA	NA	NA	NA	-14.867061508163	NA	NA	-18.4520240088841	-11.8974351572065	NA	NA	NA	-14.4978276984973	NA	NA	NA	NA	NA	NA	-11.463339322112	-7.46938687521471	-15.2820990074418	NA	-16.2820990074418	NA	NA	NA	NA	NA	NA	-14.2040964954406	NA	NA	-15.4520240088841	NA	NA	-14.751584290743	NA	-15.867061508163	NA	-13.867061508163	NA	NA	NA	-16.2820990074418	NA	NA	-12.5693809595223	NA	-15.2040964954406	NA	NA	NA	NA	NA	NA	NA	NA	NA	NA	NA	NA	-13.3859348184264	NA	NA	NA	NA	-16.4520240088841	NA	NA	NA	NA	NA	NA	NA	NA	NA	NA	NA	NA	NA	NA	NA	NA	NA	NA	-17.4520240088841	NA	NA	NA	NA	NA	NA	-10.9803487944921	NA	NA	NA	NA	NA	NA	NA	NA	NA	NA	NA	NA
13M14	-13.1540025904102	-3.35007019863423	-11.5914079027175	-1.49969705097365	-1.30233762458147	-3.46467654627262	NA	-15.8544423085513	-8.59140790271747	-13.1102812129808	NA	-14.369015481381	NA	-4.76109077290726	-8.55615057793114	-14.0470873864937	-11.7417421758019	-10.0368190510398	-14.7169387848013	-14.0470873864937	-13.1540025904102	-13.8188183988205	-13.1102812129808	NA	NA	-16.1763704034386	-13.3183894083111	NA	-15.0889075621883	-13.0678459466605	-17.5914079027175	NA	NA	NA	-9.97179925918942	NA	-11.4281775538492	-15.4759306852975	-15.1763704034386	-16.0064454019963	NA	-8.05742933071511	-17.5914079027175	NA	-10.9523687292405	-16.369015481381	NA	NA	NA	NA	NA	NA	-17.1763704034386	NA	-16.0064454019963	NA	-11.2397324644361	NA	NA	-16.369015481381	NA	NA	NA	NA	NA	NA	NA	-14.5914079027175	-9.63915200290003	NA	NA	NA	NA	NA	NA	NA	NA	NA	NA	NA	NA	NA	NA	NA	NA	NA	NA	NA	NA	NA	-16.0064454019963	-16.5914079027175	NA	-16.5914079027175	NA	-16.8544423085513	NA	NA	NA	NA	NA	NA	NA	NA	NA	NA	-15.4759306852975	NA	NA	NA	NA	NA	NA	NA	-15.8544423085513	NA	NA	-15.8544423085513	NA	NA	NA	NA	NA	NA	NA	NA	NA	NA	NA	NA	NA	NA	NA	-17.1763704034386	NA	NA	NA	NA	NA	NA	NA	NA	NA	NA	NA	NA	NA	NA	NA	NA	NA	NA	NA	NA
456C4	-12.9590824056905	-3.37941834841506	-11.9261677832178	-2.80527706961149	-1.01932803537002	-2.16733093547035	-16.3964877179978	-13.3964877179978	-11.2672047010529	-13.0041702952191	NA	-15.2810105005779	NA	-6.54812559200306	-9.10339930599045	NA	-10.1018669691062	-8.10723728388811	-13.2265627165555	-13.5891327959402	-12.1740952966614	-13.981450218719	-11.9261677832178	NA	-15.6595221238316	-15.1740952966614	-13.1740952966614	NA	NA	-11.6595221238316	-15.3964877179978	NA	NA	-15.0745596231105	-10.0448122797164	NA	-9.65726967210024	-16.3964877179978	NA	-16.6595221238316	NA	-9.65053334060436	NA	NA	-7.54890831833072	-14.981450218719	NA	-14.2810105005779	-15.1740952966614	-14.457888262662	NA	NA	-14.981450218719	-15.1740952966614	NA	NA	-10.8939873774686	NA	-15.981450218719	-14.3375940289443	NA	NA	NA	-15.981450218719	NA	NA	NA	-11.7622816982568	-6.01981965614016	NA	NA	NA	NA	NA	NA	NA	NA	NA	NA	-15.6595221238316	NA	-15.8115252172767	NA	NA	-15.0745596231105	NA	NA	NA	-15.6595221238316	NA	NA	NA	NA	NA	NA	-16.3964877179978	NA	NA	NA	-15.8115252172767	NA	NA	NA	-14.0745596231105	NA	-16.1740952966614	NA	NA	NA	NA	NA	NA	NA	NA	NA	NA	NA	NA	NA	NA	NA	NA	NA	NA	NA	NA	NA	NA	NA	NA	NA	NA	NA	-15.8115252172767	NA	NA	NA	NA	NA	NA	NA	NA	NA	-15.1740952966614	NA	NA	NA	NA	NA	NA	NA	NA	NA	NA
456H4	-11.4794068474253	-4.05573774400854	-3.05778917649337	-2.99592206399754	-1.31072261893333	-2.61529548519475	-14.6493318488676	-12.6971603739582	-10.2630007211545	-6.6873160340214	NA	-10.1588733346096	-13.5879313042034	-7.71039153232732	-11.1068046144668	-12.9061072642297	-6.20099105887912	-10.1785403680657	-5.81685456394063	-12.83304380204	-11.2720269969438	-11.6971603739582	-4.09858506348433	-13.314912809797	-13.6493318488676	NA	-14.1728938049246	NA	NA	-11.543537184845	NA	NA	NA	-13.4449733503614	-8.34317106983852	NA	-11.4517946162174	NA	NA	NA	NA	NA	NA	NA	-7.64297527680426	-14.365538882867	NA	-14.1728938049246	NA	NA	NA	NA	-11.5290376151499	NA	NA	NA	-8.86341745108348	NA	NA	NA	-13.6810407085949	NA	NA	NA	NA	NA	NA	-10.9297198214516	-7.26825918325643	NA	NA	NA	NA	NA	NA	NA	NA	NA	NA	-15.1728938049246	NA	NA	NA	NA	-12.8874915860623	NA	NA	NA	NA	NA	NA	-14.4724540867835	NA	-12.6971603739582	NA	-14.8509657100372	NA	NA	NA	NA	NA	NA	NA	-13.7466290502225	-14.8509657100372	NA	NA	NA	NA	NA	NA	NA	NA	NA	NA	NA	NA	NA	NA	NA	NA	NA	NA	NA	NA	NA	NA	NA	NA	NA	NA	NA	NA	NA	NA	NA	NA	NA	NA	NA	NA	-14.0436107879796	NA	NA	NA	NA	NA	NA	NA	NA	NA	NA	NA	NA
456H9	-11.8590487078494	-3.51676615295951	-13.0710991849644	-1.52061691792021	-1.1075407713738	-3.86722102677585	NA	-13.6925875617106	-8.66057716680801	-14.9779897805729	NA	-15.5185581619356	NA	-6.06678507059571	-12.1835739142228	-13.1200087854453	-10.8905269393225	-9.81811844379449	-12.8905269393225	-11.8799576976124	-13.5856723577941	-11.8181184437945	-12.6742090323958	-16.3930272798517	-15.8080647791306	-14.023793470186	-14.1200087854453	-15.8080647791306	-15.2775500624318	-12.5350462847242	-14.5185581619356	NA	NA	-15.6560616856855	-10.0922934072335	NA	-12.7685364149439	NA	-14.6560616856855	NA	NA	-9.5964468293883	NA	NA	-8.73719844841093	-17.9779897805729	NA	-15.6560616856855	NA	NA	NA	NA	-16.3930272798517	NA	NA	NA	-12.1966300670482	NA	NA	NA	-17.3930272798517	NA	NA	-16.9779897805729	NA	NA	-15.3930272798517	-13.2500693260097	-7.72296121075416	-13.8080647791306	-17.3930272798517	NA	NA	NA	NA	NA	NA	NA	NA	NA	NA	NA	NA	NA	-15.9779897805729	NA	NA	NA	NA	NA	-16.9779897805729	NA	NA	-15.1706348585153	NA	NA	NA	NA	NA	NA	NA	NA	NA	NA	NA	NA	NA	NA	NA	NA	NA	NA	NA	NA	NA	NA	NA	NA	NA	NA	NA	NA	NA	-16.1706348585153	-15.9779897805729	NA	NA	NA	NA	NA	NA	NA	NA	NA	NA	NA	NA	NA	-15.0710991849644	NA	NA	-11.9227073450717	NA	NA	NA	NA	NA	NA	NA	NA	NA	NA	NA	NA
456L14	-14.2623861556161	-3.13075734319166	-14.6930205099459	-1.38127219494098	-1.30862972972685	-4.98258838417513	-18.216582466003	-13.6018726218877	-8.89578191712131	-17.216582466003	NA	-16.8946543711156	-17.6316199652818	-5.44953603577107	-10.6166696238158	-8.62693131948816	-11.239302542503	-6.94395268102658	-11.3096918703944	-8.93697188495046	-12.9311802471407	-14.5161427478619	-15.1291196247526	-15.8946543711156	-15.5161427478619	NA	-14.7571508473657	-17.6316199652818	NA	-14.007129100374	NA	NA	NA	-12.4886620114398	-9.06937754106072	NA	-12.5583709832512	NA	NA	NA	NA	-6.3025711374617	NA	NA	-11.7327666887387	NA	NA	NA	-12.9686549525594	NA	NA	NA	NA	NA	NA	NA	-14.2623861556161	NA	-14.9686549525594	NA	NA	NA	-15.4092275439453	-17.6316199652818	NA	NA	NA	-16.8946543711156	-6.50427042422268	-14.7571508473657	NA	-16.6316199652818	NA	NA	NA	NA	NA	NA	NA	NA	NA	NA	NA	NA	NA	NA	NA	NA	-16.0466574645606	NA	NA	NA	NA	NA	NA	-15.7571508473657	NA	NA	NA	-14.5161427478619	NA	NA	NA	NA	NA	NA	NA	NA	NA	NA	-16.4092275439453	NA	NA	NA	NA	NA	NA	NA	NA	NA	NA	NA	NA	NA	NA	NA	NA	NA	NA	NA	NA	NA	NA	NA	NA	NA	NA	NA	NA	NA	NA	-11.3278392171047	NA	NA	NA	NA	NA	NA	NA	NA	NA	NA	NA	NA
456L4	-11.3430969645654	-3.43417660584045	-3.26999474454717	-3.1307976948384	-1.24819379885403	-2.96807737566997	NA	NA	-10.0844610226291	-6.87025314792789	NA	-10.7471966173594	NA	-6.80982946509996	-10.5480284158356	-13.310529102109	-6.72476175057706	-7.03374001355145	-5.67597731962435	-12.1753695188274	-12.259903029039	NA	-4.26525698594432	NA	NA	NA	-12.3764170377654	-12.3365243106419	NA	-10.9084306585376	-14.869956510723	NA	NA	NA	-9.00544451738504	NA	-12.0626015886654	NA	NA	NA	NA	-9.52729697425156	NA	NA	-7.67286917829817	-13.1636877137797	NA	-13.7255666013878	-13.4174443060255	NA	NA	NA	-13.9084306585376	NA	NA	NA	-9.22003856816108	NA	NA	NA	NA	NA	NA	NA	NA	NA	NA	-10.3764170377654	-5.72007571551372	NA	NA	-14.1636877137797	-15.2109934285581	NA	NA	NA	NA	NA	NA	NA	-14.6584524055293	NA	NA	NA	-12.310529102109	NA	NA	NA	NA	NA	NA	NA	NA	NA	NA	-13.4740278343919	NA	NA	NA	NA	NA	NA	NA	NA	NA	-16.5329215234454	NA	NA	NA	NA	-14.0734899048081	NA	NA	NA	NA	NA	NA	NA	NA	NA	NA	NA	NA	NA	NA	NA	NA	NA	NA	NA	NA	NA	NA	NA	NA	NA	NA	NA	NA	NA	-14.1178840241666	-14.0304211829163	NA	NA	NA	NA	NA	NA	NA	NA	NA	NA	NA	NA
456L9	-11.5460035623409	-3.44422867649758	-4.9882583208166	-1.56963318707388	-1.45264037434606	-3.40642211649213	-14.4959628798413	-16.9553944984786	-9.38743842306318	-8.94276995961359	NA	-12.2971830157269	NA	-5.8270778955751	-9.81840338639842	-13.9110003791202	-7.70924772384278	-7.37325251681987	-7.55078510064093	-12.174034784954	-10.8416523324295	-12.3115383087039	-5.69021900768973	NA	-13.0011981880918	-12.7074669850351	-10.8158431460799	-16.3704319977575	-15.7854694970363	-13.3406846543634	-14.0974135033511	-16.148039576421	NA	NA	-9.99249849314138	NA	-12.7854694970363	-15.6334664035913	-16.3704319977575	-13.5978424938606	-15.3704319977575	-7.58089835278713	NA	NA	-8.623357950117	NA	-15.148039576421	NA	NA	NA	NA	NA	-14.4318325424216	NA	NA	NA	-10.6110985905628	NA	NA	NA	NA	NA	NA	NA	NA	NA	NA	-14.6334664035913	-6.7615611659321	NA	-17.3704319977575	NA	NA	NA	NA	NA	NA	NA	NA	NA	NA	NA	NA	NA	-14.0011981880918	NA	NA	NA	-15.2549547803376	NA	-14.7074669850351	NA	NA	NA	NA	-14.0011981880918	NA	NA	NA	NA	NA	NA	NA	NA	NA	NA	NA	NA	NA	NA	-15.2549547803376	NA	NA	NA	-15.2549547803376	NA	NA	NA	NA	NA	NA	NA	NA	NA	NA	-14.6334664035913	-15.6334664035913	NA	-13.8261114815337	NA	NA	NA	NA	NA	NA	NA	NA	NA	NA	NA	NA	-11.8468700417005	NA	NA	NA	NA	NA	NA	NA	NA	NA	NA	NA	NA
456M14	-12.930886250105	-3.82240080248068	-13.6750473456754	-1.16610747598303	-1.45070644883607	-4.70933519756881	NA	-14.0427791301759	-8.19526708164632	-15.5375438219255	NA	-14.9969754405628	NA	-4.28181779256168	-9.60895815521765	-11.8989433576023	-11.6571254376782	-9.01826498145643	-12.2827299228967	-13.0900848449543	-12.9746076275343	-15.1896205185052	-14.1389944454352	NA	NA	NA	-13.6394234359447	NA	-16.1896205185052	-14.1896205185052	-16.9969754405628	-17.9969754405628	NA	-13.0900848449543	-8.22466086664113	NA	-12.1389944454352	NA	NA	NA	NA	-7.03588755056546	NA	NA	-9.75618410840083	NA	NA	NA	NA	NA	NA	NA	NA	NA	NA	NA	-12.3245500985913	NA	-15.1896205185052	-14.9969754405628	NA	NA	-15.6750473456754	NA	NA	NA	NA	-16.6750473456754	-7.20948094086603	NA	-16.9969754405628	NA	NA	NA	NA	NA	NA	NA	NA	NA	NA	NA	NA	NA	NA	NA	NA	NA	NA	NA	NA	NA	NA	NA	NA	-15.8270504391205	NA	NA	NA	NA	NA	NA	NA	NA	NA	NA	NA	NA	NA	NA	NA	NA	NA	NA	NA	NA	NA	NA	NA	NA	NA	-15.5375438219255	NA	-16.1896205185052	NA	NA	NA	NA	NA	NA	NA	NA	NA	NA	NA	NA	NA	NA	NA	NA	NA	-11.0427791301759	NA	NA	NA	NA	NA	NA	NA	NA	NA	NA	NA	NA
456M4	-12.4620968821706	-3.94741100319331	-10.962023279036	-3.51544120612389	-0.854436318896638	-1.91174861045308	NA	NA	-10.7584898849508	-13.5039170578652	-15.4214548976733	-12.4416327796109	-14.6844893035071	-7.93227593564192	-10.0367910474379	NA	-11.2250576848698	-9.70873684975374	-12.1990624763368	-13.5913798991156	-9.78402497705798	-13.733398903988	-13.343452385672	NA	-14.0678179430586	-16.5913798991156	-10.4518285467168	-13.6844893035071	-15.2694518042282	-11.260463021001	-14.0064173983944	-17.0064173983944	NA	-15.1319482804783	-10.6606425615527	NA	-9.38192653348663	-16.2694518042282	-10.9260439819304	NA	NA	-10.1278555258444	NA	NA	-7.97024378584094	NA	NA	-15.4214548976733	NA	NA	NA	NA	-12.3245933584207	-15.5913798991156	NA	NA	-10.5360974636144	NA	NA	NA	-16.2694518042282	NA	NA	-14.6844893035071	-16.2694518042282	NA	NA	-11.5913798991156	-6.93004714632039	-16.0064173983944	-14.343452385672	NA	-16.0064173983944	NA	-14.6844893035071	NA	NA	-15.5913798991156	NA	NA	-14.2694518042282	NA	-14.5039170578652	NA	-13.733398903988	NA	NA	NA	NA	NA	NA	-15.0064173983944	NA	-14.4214548976733	-13.4620968821706	-14.784024977058	NA	-15.0064173983944	NA	NA	NA	NA	NA	NA	NA	NA	NA	-15.784024977058	NA	NA	NA	NA	NA	NA	NA	NA	NA	NA	NA	NA	NA	NA	NA	NA	NA	NA	NA	NA	NA	NA	NA	NA	-17.0064173983944	NA	NA	NA	NA	NA	NA	NA	NA	-15.2694518042282	NA	NA	NA	NA	NA	NA	NA	NA	NA	NA	NA	NA
456M9	-9.76656695632746	-3.86724473540138	-4.33917228733123	-1.72911880564725	-1.43748320553842	-3.52408583465232	-13.9080527722449	-13.234863088512	-7.57640952252436	-8.73812777080262	-14.0731120185154	-9.93759704785895	-15.1175061378739	-4.88876258970157	-8.84371053865962	-14.5325436371527	-7.13986844746801	-8.04269567671343	-6.65321566402312	-12.0406905408231	-9.8390566796534	-10.0326977500695	-5.32878780518343	-15.1175061378739	-12.2846161237091	NA	-9.17939681165465	-15.2106155422654	-14.3101512158163	-10.5438589503806	-18.1175061378739	-17.5325436371527	NA	-14.2595251427463	-9.48088151733024	NA	-12.7776561349893	-14.3101512158163	-13.8321039190116	NA	NA	-7.82518450507185	-11.8046231825895	NA	-7.59345421915606	-15.2106155422654	NA	-15.3101512158163	NA	NA	NA	NA	-14.2595251427463	-13.8321039190116	NA	-15.6580745192366	-9.97795478547509	NA	NA	-16.1175061378739	NA	NA	-13.3895856833107	NA	-14.5325436371527	NA	NA	-10.9933848260447	-6.29992284919627	NA	-14.6580745192366	NA	-18.1175061378739	NA	NA	NA	NA	NA	NA	NA	NA	NA	NA	NA	-14.0300432966235	-12.4170664197328	-14.0300432966235	-15.3101512158163	-13.5939441818169	NA	NA	-15.1175061378739	NA	NA	NA	-13.186768800311	NA	NA	NA	NA	-15.9475811364316	NA	NA	-13.0731120185154	-14.2595251427463	NA	NA	NA	NA	NA	-12.5783473267659	NA	-13.5027962937587	NA	NA	NA	NA	NA	NA	NA	NA	NA	NA	-15.2106155422654	NA	-15.5325436371527	-15.9475811364316	NA	-15.6580745192366	NA	NA	NA	NA	NA	NA	NA	NA	NA	NA	NA	NA	-11.4450807959024	NA	NA	-15.1175061378739	NA	NA	NA	NA	NA	NA	NA	NA	NA
45C14	-14.4182723414841	-3.76337116040238	-6.5000716507382	-1.46326829632393	-1.36856872412948	-4.00249145721648	NA	-15.8512317487602	-7.69388481339736	-11.0082529169719	NA	-13.9637064780186	NA	-4.54226707963483	-10.8648208135082	-13.1507920306191	-9.23211223730698	-8.10707065318979	-8.63691262795944	-9.58257279373253	-11.5732470014604	-14.1731598436476	-7.26439196079837	NA	-13.5584499995324	NA	-13.1070706531898	NA	NA	-12.7468950889455	-15.8512317487602	NA	NA	-14.925232330204	-10.0007323350021	NA	-13.1070706531898	NA	-17.5881973429264	-17.5881973429264	NA	-4.94126368278901	NA	NA	-9.68331188320827	NA	NA	NA	-16.8512317487602	NA	NA	NA	-16.5881973429264	NA	NA	NA	-12.8333098407629	-14.4182723414841	NA	NA	NA	NA	-16.0032348422053	NA	-17.1731598436476	NA	NA	-15.36580492159	-8.7458469995126	NA	NA	NA	NA	NA	NA	NA	NA	NA	NA	NA	NA	-16.36580492159	-14.266269248039	NA	-17.1731598436476	NA	NA	NA	-15.4727201255065	NA	-16.36580492159	NA	NA	NA	NA	-16.36580492159	-16.8512317487602	NA	NA	NA	NA	NA	NA	NA	NA	NA	NA	NA	NA	NA	NA	NA	NA	NA	NA	NA	NA	NA	NA	NA	-15.4727201255065	NA	NA	NA	NA	NA	NA	NA	NA	NA	NA	NA	NA	NA	NA	NA	NA	NA	NA	NA	NA	NA	NA	NA	NA	NA	NA	NA	NA	NA	NA	NA	NA	NA
45C9	-12.996429872002	-2.95009225281504	-5.22801199434852	-1.87402055164095	-1.21362433068884	-3.5460191323329	NA	NA	-9.87639025399356	-9.43140621833419	NA	-12.5856418457245	NA	-6.53372312133185	-14.8208583074186	NA	-8.26690908999697	-8.86472419279019	-7.40546863065941	-12.0307813767928	-13.2765377911947	-13.1204185892775	-6.0749039300251	NA	-12.9463891895024	-14.4989302125312	-12.6509333059762	NA	NA	-12.8512319564621	-15.8208583074186	-18.4058208081397	NA	-15.9463891895024	-11.1484329654471	NA	-13.4989302125312	NA	NA	NA	NA	-7.59766103527134	NA	NA	-9.16502947597776	NA	NA	NA	-14.7053810899986	NA	NA	NA	-13.6509333059762	NA	NA	NA	-10.9422964348685	NA	NA	NA	NA	NA	-16.2358958066974	-14.5984658860821	NA	NA	NA	-13.5984658860821	-7.5757017826952	NA	NA	-14.7053810899986	NA	NA	NA	NA	NA	NA	NA	NA	NA	NA	NA	NA	-16.2358958066974	NA	NA	NA	NA	NA	NA	NA	NA	NA	NA	-15.8208583074186	NA	NA	NA	NA	NA	NA	NA	NA	NA	NA	NA	NA	NA	NA	-13.4989302125312	NA	NA	NA	-15.2358958066974	NA	NA	NA	NA	NA	NA	NA	NA	NA	NA	NA	NA	NA	NA	NA	NA	NA	NA	NA	NA	NA	NA	NA	NA	NA	NA	NA	NA	NA	NA	NA	NA	NA	NA	NA	NA	NA	NA	NA
45H14	-15.7606419899357	-3.8105169311472	-11.5980217891166	-1.28975206655758	-1.07289353184964	-6.17226805456543	NA	-15.7606419899357	-8.29600342298768	-14.3620926134454	NA	-13.8277561857943	NA	-6.82990465237284	-10.5161700351284	-13.9346713897108	-12.696511652516	-9.16479117307183	-11.6351111078519	-12.7443401776066	-12.680914797465	-14.7606419899357	-15.5196338904319	NA	-14.8277561857943	NA	-13.6654847568954	-16.6351111078519	NA	-13.6351111078519	NA	NA	NA	NA	-11.116785800161	NA	-14.1756794892146	NA	-11.2485300546222	NA	NA	-6.51465720969032	-14.0106202429441	NA	-12.6201607663859	-15.7606419899357	NA	NA	-15.5196338904319	NA	NA	NA	-13.6654847568954	NA	-14.0907905916281	NA	-11.406292417356	NA	NA	-9.98405941667294	NA	NA	NA	-15.6351111078519	NA	NA	-14.7606419899357	-16.220073608573	-10.6502180002421	-14.4127186865154	NA	-15.6351111078519	NA	NA	-13.4387138950484	NA	NA	NA	NA	NA	-15.7606419899357	NA	-15.1326107673227	NA	NA	NA	NA	NA	NA	NA	NA	NA	NA	NA	NA	NA	NA	NA	NA	NA	NA	NA	NA	NA	NA	NA	NA	NA	NA	NA	NA	NA	NA	NA	NA	NA	NA	NA	NA	NA	-17.220073608573	NA	NA	NA	NA	NA	NA	-17.6351111078519	NA	NA	NA	NA	NA	NA	NA	NA	NA	NA	NA	NA	NA	NA	NA	NA	NA	NA	NA	NA	NA	NA	NA	NA	NA	NA
67C9	-12.1760276669052	-3.92216442775822	-3.65500311155425	-1.32839607226909	-1.74740927001365	-4.9122420530144	-13.5974914353435	-11.2100895029788	-8.89111876144865	-7.91650407986856	-15.5974914353435	-12.021142064927	NA	-4.73562909528433	-10.9372408073181	-10.8695709807803	-6.85409957201784	-7.54686536227352	-6.62266716356988	-14.2349213559588	-11.2399394307254	-11.2963219006229	-4.89062544804296	-14.7609901676264	NA	-14.5468653622735	-11.6633793709999	NA	-14.047294352783	-11.553097315985	NA	NA	NA	-12.70440663926	-9.70961806590534	NA	-12.8198838566799	-15.3173835161507	NA	-18.4048463574011	NA	-10.8349907490701	NA	NA	-8.29762928180971	NA	-15.4048463574011	-13.978581602699	NA	NA	-13.8198838566799	NA	-15.4979557617926	NA	NA	NA	-9.60394645748078	-12.7754897373215	-15.4048463574011	NA	NA	NA	-14.70440663926	NA	NA	-15.4048463574011	NA	-10.8236457754761	-6.39309496208437	-12.4979557617926	NA	NA	NA	NA	NA	NA	NA	NA	-13.8198838566799	NA	NA	NA	NA	NA	-14.2755633404561	NA	NA	NA	NA	NA	-13.3824785443726	NA	NA	NA	NA	-13.6234866438764	NA	NA	NA	NA	NA	NA	NA	NA	NA	NA	NA	NA	NA	NA	NA	NA	NA	NA	NA	NA	NA	NA	NA	NA	NA	NA	NA	NA	NA	NA	NA	NA	NA	NA	NA	NA	NA	NA	NA	NA	NA	NA	NA	NA	NA	-17.4048463574011	NA	NA	NA	NA	NA	NA	NA	NA	-15.9454147387638	NA	NA	NA
6C14	-14.5306210268196	-5.14082604380304	-5.30630470865077	-1.35857405457767	-1.4320238921387	-5.67548171491243	-18.0541829828767	-8.86806874333501	-7.03459225451877	-9.6769724524881	NA	-13.2992954807132	NA	-3.068074300002	-12.3817576409052	-9.71656108088414	-7.68131792276406	-9.92232602226786	-8.37118839919497	-11.7504022346995	-14.1472923872681	-14.9667201416263	-6.32328833633498	-15.3537432647356	NA	-15.3537432647356	-13.4103267931019	NA	NA	-14.9667201416263	NA	NA	NA	-14.0999866724898	-7.59782856776836	NA	-12.9880937924189	NA	NA	NA	NA	-11.0769030593767	NA	NA	-9.94304731264194	NA	NA	NA	NA	-14.8842579814343	NA	NA	-15.246828060819	NA	NA	NA	-10.9934870511891	NA	NA	NA	NA	NA	NA	-15.7322548879893	NA	NA	NA	-14.9667201416263	-7.76416413594403	NA	NA	NA	NA	NA	-15.8842579814343	NA	NA	NA	NA	NA	NA	NA	-15.246828060819	NA	-16.246828060819	NA	NA	NA	NA	-15.3537432647356	NA	NA	NA	NA	NA	-11.6704786904026	NA	NA	NA	NA	NA	NA	NA	NA	NA	NA	-17.4692204821555	NA	NA	NA	-14.5947513642394	NA	NA	NA	NA	-16.4692204821555	NA	NA	NA	NA	NA	NA	NA	NA	NA	NA	NA	NA	NA	NA	NA	NA	NA	NA	NA	NA	NA	NA	NA	NA	-14.4692204821555	-16.246828060819	NA	NA	NA	NA	NA	NA	NA	NA	NA	NA	NA	NA
789C4	-11.0305145062958	-3.82054187669594	-11.1997006114142	-1.64004598168231	-1.4169288117766	-2.53359526122125	NA	-12.2197848574576	-9.76157949902234	-11.8217004914599	NA	-13.5349870891566	NA	-5.73634575313894	-7.97398783178617	-12.5349870891566	-9.00851059667222	-7.6529128137193	-10.4614059567755	-13.2608121257176	-11.128361829694	-13.469398747529	-12.4376898878017	-15.2608121257176	-14.7133243304151	-13.4066629921811	-12.3913962355278	NA	-11.4855184128923	-10.9223328545664	-15.7913268424164	NA	NA	-13.4066629921811	-9.30661581533074	-15.5018202252214	-12.2470063261926	NA	NA	NA	NA	-11.7813427538438	NA	NA	-8.02020423751813	-14.3762893431376	NA	-14.4376898878017	NA	NA	NA	NA	-15.7913268424164	NA	NA	NA	-11.2265422236329	NA	-14.2608121257176	-14.4376898878017	-15.1538969218011	NA	NA	-15.9612518438587	NA	NA	-15.7913268424164	-11.5018202252214	-5.77312666360317	-15.2608121257176	-16.1538969218011	NA	-17.3762893431376	NA	-16.3762893431376	NA	-14.4376898878017	NA	NA	NA	NA	NA	NA	-13.0786087944969	-15.5018202252214	NA	NA	NA	NA	NA	NA	NA	NA	NA	NA	-12.7324331533628	NA	NA	NA	NA	NA	-15.5018202252214	NA	NA	-16.9612518438587	NA	NA	NA	NA	NA	NA	NA	-14.2063643416952	NA	NA	NA	NA	NA	NA	NA	NA	NA	NA	NA	NA	NA	NA	NA	NA	NA	NA	NA	NA	NA	NA	NA	NA	NA	NA	NA	NA	-17.3762893431376	NA	NA	NA	-14.7133243304151	NA	NA	-15.2608121257176	-14.317395654084	NA	NA	NA	-14.7913268424164
789H14	-13.6228229357732	-3.54195607092017	-13.7630005938215	-1.23475580693307	-1.64917206848268	-4.09379011212041	NA	-10.5832945715866	-7.83129824281732	-14.7927479372155	NA	-17.0557823430493	NA	-3.73930280792485	-11.2587693652132	-8.61532839922628	-10.6669040042373	-7.20809855533246	-13.6228229357732	-11.9940061454626	-14.5703555158791	-15.3777104379367	-14.0923082190744	-17.0557823430493	NA	NA	-13.9182788192994	-16.7927479372155	-17.3777104379367	-15.0557823430493	-17.0557823430493	-16.0557823430493	NA	-12.0201584333186	-7.15461374758897	NA	-14.1297829244931	NA	NA	NA	NA	-8.90400468831725	-16.3777104379367	NA	-10.2432841177157	NA	NA	-16.5703555158791	-16.5703555158791	-14.9853930151579	-17.0557823430493	NA	-16.0557823430493	-16.2077854364944	NA	NA	-13.4469731003738	NA	-15.2902475966863	NA	NA	NA	NA	-16.3777104379367	NA	NA	NA	-14.8541484818797	-6.84316437047668	-17.3777104379367	NA	-14.6772707197956	NA	NA	-17.0557823430493	NA	NA	NA	NA	NA	-18.3777104379367	NA	NA	NA	-17.0557823430493	NA	NA	NA	-15.5703555158791	NA	NA	-17.3777104379367	NA	NA	-16.7927479372155	-13.8541484818797	NA	NA	NA	NA	NA	NA	NA	NA	NA	NA	NA	NA	NA	NA	NA	NA	NA	NA	-18.3777104379367	NA	-16.5703555158791	NA	NA	NA	NA	NA	NA	NA	NA	NA	NA	NA	NA	NA	NA	NA	NA	-16.2077854364944	NA	NA	NA	NA	NA	NA	NA	-9.46033835845983	NA	NA	NA	NA	NA	NA	NA	NA	NA	NA	NA	NA
789H4	-12.651968102783	-3.71898312610037	-11.4206425566765	-2.02822574530187	-1.39638783558629	-1.96967954865707	-15.8536019639526	-12.7325865629913	-9.8491005717177	-11.3489815715491	NA	-13.5905675581188	NA	-6.22187922519069	-9.04882558599681	NA	-10.3974529293046	-8.64707594807521	-12.6056744505091	-12.5316738690653	-10.5498212157755	NA	-11.8446131807254	-14.4750903406989	NA	NA	-13.046247041895	-15.17553005884	-16.0056050573977	-12.2807122955321	-13.5905675581188	-19.17553005884	NA	NA	-9.11753833608083	-15.7160984402027	-10.9087435181451	-13.7832126360612	NA	NA	NA	-11.6441485983237	NA	NA	-8.31988289281273	-14.9276025453964	NA	NA	NA	NA	NA	NA	NA	NA	NA	NA	-10.7918257663659	NA	NA	NA	NA	NA	NA	NA	NA	NA	-13.1982501353401	-12.8717493106629	-6.17236355217483	-14.5905675581188	-14.651968102783	-16.3681751367824	-15.4750903406989	NA	NA	NA	NA	NA	NA	NA	-18.17553005884	-14.4206425566765	NA	NA	-14.4206425566765	NA	NA	NA	NA	NA	NA	-14.7832126360612	NA	NA	NA	NA	NA	-14.0056050573977	NA	NA	NA	NA	NA	NA	NA	NA	NA	NA	-16.17553005884	NA	-13.3175490637124	NA	NA	NA	-14.5316738690653	-16.8536019639526	NA	NA	NA	-13.6209412071624	NA	NA	NA	NA	NA	NA	NA	NA	NA	-15.0880672175897	NA	NA	NA	NA	NA	NA	NA	NA	NA	NA	NA	-13.9276025453964	NA	NA	NA	NA	NA	NA	NA	NA	NA	NA	NA	NA
789H9	-12.4848195383731	-3.11082339624182	-12.9587507267055	-1.44882913682254	-1.50268157013314	-3.42989872589441	-16.7136382288689	-13.2217851325393	-9.29367805102105	-14.9062833068113	-16.1286757281478	-13.9062833068113	NA	-4.50784497947178	-9.79775885003317	-9.65294229718138	-10.1513958046479	-7.76600129091711	-12.0554267461171	-11.9993927112028	-13.1286757281478	-16.1286757281478	-13.3917101339816	-15.5437132274266	-15.7136382288689	-15.9062833068113	-14.6261753876186	-15.7136382288689	NA	-12.2706947330202	-16.3917101339816	NA	NA	-15.5437132274266	-8.16481632041019	-15.3917101339816	-15.7136382288689	NA	-15.0131985107278	NA	NA	-10.6912704158405	NA	NA	-9.18030849656311	NA	NA	NA	NA	NA	NA	NA	NA	NA	NA	NA	-12.3042472927312	NA	NA	NA	NA	NA	-15.5437132274266	NA	NA	NA	NA	-12.8309951795071	-6.55723908399735	-16.3917101339816	NA	NA	NA	NA	NA	NA	NA	NA	NA	NA	NA	NA	NA	NA	-16.3917101339816	NA	NA	NA	NA	NA	NA	NA	NA	NA	NA	-15.0131985107278	NA	NA	NA	NA	NA	NA	NA	NA	NA	NA	NA	NA	NA	NA	NA	NA	NA	NA	NA	NA	NA	NA	NA	NA	NA	NA	NA	NA	NA	NA	NA	NA	NA	NA	NA	NA	NA	NA	NA	NA	NA	NA	NA	NA	NA	-11.533729138854	NA	NA	NA	NA	-15.7136382288689	NA	NA	NA	NA	NA	NA	NA
789L14	-14.6596275538324	-4.2281753709058	-15.2762989142809	-1.156509383359	-1.58877742306715	-4.31615214058414	NA	-12.1279070743882	-7.50723247694764	NA	-16.3758345878318	-14.3758345878318	NA	-3.76401934486085	-13.4018297963647	-9.27479688911564	-10.4316454508003	-7.71864375955545	-13.5107641679179	-12.2883717465814	-13.3758345878318	-15.2762989142809	-14.2289931995025	NA	NA	-15.4827497917483	-13.8256375052713	NA	-18.1831895098894	-14.5393333201147	NA	-17.1831895098894	NA	-12.7237578912521	-7.99707527034774	-17.1831895098894	-14.5393333201147	NA	NA	NA	NA	-8.69534947606634	NA	NA	-9.64015768963415	NA	NA	NA	NA	NA	NA	NA	-15.0132645084471	NA	NA	NA	-15.5982270091682	NA	NA	NA	NA	NA	NA	NA	NA	NA	NA	-13.5982270091682	-5.76296609054074	NA	-18.1831895098894	-16.861261415002	NA	NA	NA	NA	NA	NA	NA	NA	NA	NA	NA	NA	-16.3758345878318	NA	NA	NA	NA	NA	NA	NA	NA	NA	NA	-15.4827497917483	NA	NA	NA	NA	NA	NA	NA	-16.861261415002	NA	NA	NA	NA	NA	NA	NA	NA	NA	NA	-17.1831895098894	NA	NA	NA	NA	NA	NA	NA	NA	NA	NA	NA	NA	NA	NA	NA	NA	NA	NA	NA	NA	NA	NA	NA	NA	NA	-16.1831895098894	-9.14289978886367	NA	NA	NA	NA	NA	NA	NA	NA	NA	NA	NA	NA
789L4	-12.1176331634309	-3.37685425594821	-10.0249838754653	-1.90016997106136	-1.67850195300557	-1.91921317986082	NA	-12.2893995116974	-9.42400397740674	-11.331463571264	NA	-13.1777541558685	NA	-5.84398026637551	-11.0741315247944	-14.2087810514891	-9.92821198636283	-8.1549141795104	-11.3747910029281	-11.8743620124186	-12.1029863874665	-12.9774555053827	-11.428562259369	-15.0319032894051	NA	-15.0319032894051	-10.8375252442382	-14.0319032894051	NA	-11.331463571264	-15.147380506825	NA	NA	-15.7323430075462	-9.72391438547557	NA	-9.69068385590894	NA	-13.0319032894051	NA	NA	-11.132430165359	NA	NA	-7.48560240905301	-17.147380506825	NA	-13.5624180061038	NA	NA	NA	NA	-15.4104149126588	NA	NA	NA	-9.79570506854358	NA	NA	NA	NA	NA	-13.9774555053827	NA	NA	NA	NA	-11.2977147799094	-5.6618865916015	NA	-15.7323430075462	-14.3400255847674	NA	NA	NA	NA	NA	NA	NA	NA	NA	NA	-16.147380506825	NA	-12.4655564668512	NA	NA	NA	NA	-14.4844154941026	NA	-14.0319032894051	NA	NA	NA	NA	NA	NA	NA	NA	NA	NA	NA	NA	-14.7323430075462	NA	NA	NA	-13.7323430075462	NA	NA	NA	-13.9249880854885	NA	NA	NA	NA	NA	NA	NA	NA	NA	NA	NA	NA	NA	NA	NA	NA	NA	NA	NA	NA	NA	NA	NA	NA	NA	NA	NA	NA	-12.2245483673475	NA	NA	NA	NA	NA	NA	NA	NA	NA	NA	NA	NA
789L9	-14.7733334025969	-4.1871431684302	-12.6408831065733	-1.21334970902058	-1.55607471876891	-3.94812997159276	NA	-11.5549098834634	-7.99500350126225	NA	-16.1518450258507	-14.5668825251295	-15.8888106200169	-3.93068086713725	-11.473773120738	-12.1883709018758	-9.05803135244792	-8.24375268503238	-13.2258456072944	-12.0643821846003	-12.6408831065733	-14.7733334025969	-13.1883709018758	-15.8888106200169	NA	-14.473773120738	-12.8013477787665	-14.5668825251295	-16.1518450258507	-13.2643197551091	-16.1518450258507	NA	NA	-13.6157921256104	-8.35613001934892	-15.8888106200169	NA	NA	-14.3863102794877	NA	NA	-10.3342217683392	NA	NA	-7.94923140570216	NA	NA	-14.473773120738	NA	-14.5668825251295	NA	NA	NA	-15.1518450258506	NA	NA	-12.6924134072134	NA	NA	NA	NA	NA	NA	-16.1518450258507	NA	NA	-12.6924134072134	-11.0814556979593	-5.54877509729132	NA	-16.473773120738	NA	NA	NA	NA	NA	NA	NA	NA	NA	NA	NA	-15.3038481192957	NA	-16.8888106200169	NA	-15.0143415021007	NA	-16.473773120738	NA	NA	-16.8888106200169	NA	NA	-16.8888106200169	-14.7733334025969	NA	NA	NA	NA	NA	NA	NA	NA	NA	NA	-16.473773120738	-14.8888106200169	NA	NA	NA	NA	NA	NA	-16.473773120738	NA	NA	NA	NA	NA	NA	NA	NA	-16.473773120738	-12.5195768103511	NA	NA	-16.8888106200169	NA	NA	NA	NA	NA	NA	NA	NA	NA	NA	-16.473773120738	NA	NA	-9.45140530770956	NA	NA	NA	NA	NA	NA	NA	NA	NA	NA	NA	NA
789M14	NA	-4.30316643799727	-14.1279416334301	-1.22152796897291	-1.52021121936616	-3.83641670292585	NA	-12.3526479206048	-7.55225694629697	-14.8283813515712	NA	NA	NA	-3.75603936074146	-14.4360639287924	-9.81157306388465	-10.5476105814406	-9.12102221949033	-15.5064532566838	-12.2434188508501	-14.5804538381276	-17.2434188508501	-14.7409185103209	NA	-15.6584563501289	NA	-14.1279416334301	NA	NA	-14.0734938494077	NA	NA	NA	-12.4360639287924	-7.88953689410504	NA	-13.5064532566838	NA	NA	NA	NA	-8.28148689168357	NA	NA	-10.2284685093841	NA	NA	NA	-16.5064532566838	NA	NA	NA	NA	-16.5064532566838	NA	NA	-14.1279416334301	NA	NA	NA	NA	NA	NA	NA	NA	NA	NA	-15.0210264295136	-7.21735655426386	NA	NA	NA	NA	NA	NA	NA	NA	NA	NA	NA	NA	NA	NA	NA	-16.5064532566838	NA	NA	NA	NA	-16.0210264295136	NA	-15.3689497329339	NA	NA	NA	-16.2434188508501	NA	NA	NA	NA	NA	NA	NA	NA	NA	NA	NA	NA	NA	NA	NA	NA	NA	NA	NA	NA	NA	NA	-14.9214907559627	NA	NA	NA	NA	NA	NA	NA	NA	NA	NA	NA	NA	NA	NA	-17.2434188508501	NA	NA	NA	NA	NA	NA	NA	-8.51776856991168	NA	NA	NA	NA	NA	NA	NA	NA	NA	NA	NA	NA
789M4	-13.3835124622076	-3.74355301031207	-10.8176587844341	-1.98800651236507	-1.4449678156746	-2.05143173415898	NA	-11.7859499247068	-9.32994378066863	-11.0020833555716	NA	-14.3835124622076	NA	-5.74860590410556	-7.85912540172953	-14.5439771344008	-9.12562842173159	-9.12562842173159	-12.4816928561465	-13.4219866100222	-11.5124989029277	-14.8240850535936	-12.3646534349563	-13.3835124622076	-13.2391225528724	-13.016730131536	-11.9171944579851	NA	NA	-10.3646534349563	NA	NA	NA	-13.3095118807638	-9.19057080804031	NA	-10.0730192623825	NA	-13.8765524734877	-16.3095118807638	NA	-11.7007026380883	NA	NA	-7.53274987897759	-13.4219866100222	NA	-11.5980169741137	NA	NA	NA	-13.4615149742089	-14.5439771344008	NA	NA	NA	-10.412271455189	NA	NA	NA	NA	NA	-14.1078780195942	-14.7245493800427	NA	NA	-15.1720083570139	-11.7125767383766	-5.57226453773608	-10.2651177614054	-16.3095118807638	-14.2391225528724	NA	NA	NA	-13.8240850535936	NA	NA	NA	NA	-15.8240850535936	NA	NA	-13.6772436652643	-14.4615149742089	NA	NA	NA	NA	NA	NA	NA	NA	-13.7245493800427	NA	-12.4615149742089	NA	NA	NA	NA	NA	NA	NA	NA	NA	NA	NA	NA	NA	NA	-14.7245493800427	NA	NA	NA	-13.6772436652643	NA	NA	NA	NA	NA	NA	NA	NA	NA	NA	NA	NA	NA	NA	NA	NA	NA	NA	NA	NA	NA	NA	NA	NA	NA	NA	-12.2564005443043	NA	NA	NA	NA	NA	-14.7245493800427	NA	NA	NA	NA	NA	NA
7C14	-13.0926173972064	-4.73317191424651	-5.62438499721523	-1.26732833433943	-1.38645348361959	-5.22253726092419	NA	-11.380275590009	-8.26792786414349	-9.7399457788879	-15.2080946146263	-13.8670576967912	NA	-3.89869405447777	-11.8388608049606	-7.36553474466491	-8.10585642069557	-6.93321177142602	-8.33444544276287	-13.0488960197771	-12.6555535915975	NA	-6.45923090009061	-15.0275223689845	NA	NA	-13.9450602087925	-14.7226677874561	NA	-13.4711290204601	NA	NA	NA	-15.4145454920937	-8.0556407494104	NA	-16.7930571153475	NA	-15.9450602087925	NA	NA	-9.97032696740294	NA	NA	-9.39902321997968	NA	NA	-15.5300227095137	NA	NA	NA	NA	-13.7930571153475	-16.3076302881772	NA	NA	-10.7226677874561	NA	-16.7930571153475	NA	NA	NA	NA	NA	NA	NA	NA	-16.3076302881772	-7.63419500913901	-15.2080946146263	NA	NA	NA	NA	NA	NA	NA	NA	NA	NA	NA	NA	NA	NA	-15.0275223689845	NA	NA	NA	NA	NA	NA	NA	NA	NA	NA	-13.4145454920937	NA	NA	NA	NA	NA	NA	NA	NA	NA	NA	NA	NA	-17.1149852102348	NA	-14.7930571153475	NA	NA	NA	-15.2080946146263	NA	NA	NA	NA	NA	NA	NA	NA	NA	NA	NA	NA	NA	NA	NA	NA	NA	NA	NA	NA	NA	NA	NA	NA	NA	-16.5300227095137	-17.5300227095137	NA	NA	NA	NA	NA	NA	NA	NA	NA	NA	NA	NA
89C14	-11.86248352691	-4.54380781116933	-12.5070028723116	-1.44838904349037	-1.37538979557474	-3.49346360511007	NA	-10.4864219948892	-7.23141349209112	-13.5923943635423	NA	-15.628018273273	-15.780021366718	-3.50645237983661	-10.4030519082727	-8.74415311876318	-9.30069019064303	-9.05058944523723	-11.0192090305975	-13.0192090305975	-11.8103950157615	-14.7020188547168	-15.2495066500192	NA	-16.9499463681603	-15.490514749523	-12.628018273273	-14.5576289453816	-16.3649838674392	-12.2917348854085	-16.628018273273	NA	NA	-13.0192090305975	-7.72654795344871	-17.9499463681603	-13.2495066500192	NA	NA	NA	-15.490514749523	-9.34076763001836	-14.490514749523	NA	-9.45409134127317	NA	NA	-15.780021366718	-16.3649838674392	NA	-15.9499463681603	NA	-16.1425914461027	NA	NA	NA	-11.0310831308857	NA	-17.9499463681603	-17.3649838674392	NA	NA	-15.0430557725518	-14.490514749523	NA	NA	NA	-13.7020188547168	-8.08344015593414	NA	NA	NA	NA	NA	NA	NA	NA	NA	NA	NA	-17.3649838674392	NA	NA	NA	-16.628018273273	-14.9499463681603	-15.3649838674392	NA	-15.780021366718	-15.628018273273	-15.0430557725518	NA	NA	NA	NA	-14.0430557725518	NA	NA	NA	NA	NA	NA	NA	NA	NA	NA	NA	NA	NA	NA	NA	NA	NA	NA	-16.3649838674392	-17.3649838674392	NA	NA	NA	NA	NA	NA	NA	NA	NA	NA	-16.628018273273	NA	NA	NA	NA	NA	NA	NA	NA	NA	NA	NA	-16.628018273273	NA	NA	NA	NA	NA	NA	NA	NA	NA	NA	-15.628018273273	NA	NA	NA	NA
89C9	-12.3995407944744	-3.66461952676918	-11.8759788384174	-1.41649153382418	-1.70985670013257	-3.00692150002081	NA	-12.2702577775295	-7.07423533938476	-12.644653292311	NA	-13.644653292311	NA	-4.1979528758366	-8.10147822675543	-10.3120779532241	-9.14451222465571	-7.26511447425352	-12.1516132810309	-14.1516132810309	-10.9565972986257	-12.5168977451126	-14.5921858724168	NA	NA	-12.4688034569116	-11.9076876981448	NA	-14.6991010763333	-11.3442583589733	-14.4926501988659	-15.2296157930321	NA	-11.9732760397723	-9.68873436077509	NA	-14.8145782937533	NA	NA	-17.3995407944744	NA	-10.3995407944744	NA	-15.3995407944744	-6.41405459536981	NA	NA	-12.6181810809498	NA	NA	NA	NA	NA	NA	NA	-15.2296157930321	-9.96908824280891	NA	-16.3995407944744	NA	NA	NA	NA	-14.8145782937533	NA	-16.0776126995871	NA	-10.1998684496381	-5.47844370636765	NA	NA	NA	NA	NA	NA	NA	NA	NA	NA	NA	-17.3995407944744	-15.0776126995871	NA	NA	-13.4926501988659	NA	NA	NA	NA	NA	NA	NA	NA	NA	NA	-12.7556846046997	NA	NA	NA	NA	NA	NA	NA	NA	-16.3995407944744	NA	-14.9401091758371	NA	NA	NA	NA	NA	NA	NA	-15.8145782937533	NA	NA	NA	NA	NA	NA	NA	NA	NA	NA	NA	NA	NA	NA	NA	NA	NA	NA	NA	NA	NA	-13.4453444840876	NA	NA	NA	NA	-15.0776126995871	NA	NA	-14.9401091758371	NA	NA	NA	NA	NA	NA	NA	NA	NA
89M9	-12.1364673729843	-3.70481534689495	-11.3237459411769	-1.39732516769207	-1.61837017740407	-2.87766581627268	NA	NA	-8.09169314690754	-12.2954568967454	NA	-14.3381012341539	NA	-4.54993757711616	-8.70118665379805	NA	-9.73640471767297	-8.75193698822302	-12.5725664877909	-12.9158682334709	-13.5556926692266	-15.3969949232075	-12.7921328650486	NA	NA	NA	-13.3969949232075	NA	NA	-12.2137730991517	-13.6600293290413	NA	NA	-13.2540369693655	-8.86301635120514	NA	-13.174602501871	NA	NA	NA	NA	-9.92396570116947	NA	NA	-7.69366808174768	NA	NA	-13.0277611135418	NA	-14.2270699217652	NA	NA	-15.174602501871	NA	NA	NA	-10.7872005695064	NA	-14.7340299104851	NA	-14.4583954678716	NA	NA	NA	-14.3969949232075	NA	-16.9819574239286	-11.374627110179	-5.93176865633222	NA	-13.0750668283201	NA	NA	NA	-15.174602501871	NA	NA	NA	NA	NA	NA	NA	NA	NA	-14.8944945826783	NA	NA	NA	NA	NA	NA	-15.5225258052914	NA	NA	NA	-14.0277611135418	NA	NA	NA	NA	NA	NA	NA	NA	NA	NA	NA	NA	NA	NA	NA	NA	NA	NA	-16.3969949232075	NA	NA	NA	NA	NA	NA	NA	NA	-13.8120324224863	NA	NA	NA	NA	NA	NA	NA	NA	NA	NA	NA	NA	NA	NA	NA	NA	NA	-9.22874067474969	NA	NA	NA	NA	NA	NA	NA	NA	NA	NA	NA	NA
