list,gene_id,baseMean,log2FoldChange,lfcSE,stat,pvalue,padj
LRT,Montipora_capitata_HIv3___TS.g26493.t2a,164.36680439595878,-3.6967491673445867,1.3253935440951619,69.20062630043878,5.963415952465232e-13,7.493032144272564e-9
LRT,Montipora_capitata_HIv3___RNAseq.g5198.t1,153.19189505731873,2.7231002487142417,0.7672416473945288,27.56242617638361,1.1357129759671195e-4,0.03775703465789471
LRT,Montipora_capitata_HIv3___TS.g28558.t3a,589.6906628998954,-0.210380321015106,0.22869820021496934,32.90916152560703,1.0916373362815574e-5,0.00508015671495473
LRT,Montipora_capitata_HIv3___RNAseq.g6929.t1,836.1730037621337,-0.8417494093788456,0.2060806856648641,29.203695960929167,5.566735460680079e-5,0.021858134707326622
LRT,Montipora_capitata_HIv3___RNAseq.g7017.t1,44.61988835769972,-1.0299427934630703,0.96249355846269,48.39956622611112,9.831384921958268e-9,2.4706270308881127e-5
LRT,Montipora_capitata_HIv3___TS.g42133.t1,605.8768563313969,5.585769163766185,1.4730082060903444,37.573721782832536,1.3608229549643872e-6,0.0011399160286085016
LRT,Montipora_capitata_HIv3___RNAseq.g10964.t1,2392.5671770549448,1.5690206818011518,1.3094307635572058,36.61204285222345,2.0956324568133667e-6,0.0013165810909929977
LRT,Montipora_capitata_HIv3___RNAseq.g10966.t1,2533.900005747306,1.778351172218517,1.3005949959299152,38.839315289968795,7.695858643109016e-7,7.438343373128061e-4
LRT,Montipora_capitata_HIv3___RNAseq.g10968.t1,2294.0131489939363,1.487409160185372,1.3085417267060306,37.027481283662496,1.7393007613712193e-6,0.0012776891516143325
LRT,Montipora_capitata_HIv3___RNAseq.g11051.t1,1996.947191874193,1.5671424536967407,1.271670650525992,37.39147966092264,1.4769849101088582e-6,0.0011598947122198628
LRT,Montipora_capitata_HIv3___RNAseq.g11053.t1,2109.9651829680292,1.6138703684238513,1.3009962494386904,39.742057846397074,5.118885010186107e-7,5.511484841772293e-4
LRT,Montipora_capitata_HIv3___RNAseq.g11129.t1,31.186563458367633,6.2732627843662785,1.2095907555180185,36.82706715657531,1.902978846676187e-6,0.0012776891516143325
LRT,Montipora_capitata_HIv3___RNAseq.g11828.t1,3196.327502483852,0.974536473267513,1.0038217703190107,27.070796688013957,1.4045130587166314e-4,0.04304318678725481
LRT,Montipora_capitata_HIv3___TS.g8038.t2,711.8952372069842,3.9023194684943814,1.5508450581535587,42.42817100545983,1.5133724036187717e-7,2.1128360279410962e-4
LRT,Montipora_capitata_HIv3___RNAseq.g25096.t1,35.58883005436004,5.423142942323575,1.3458772581279133,27.870696018899366,9.937989812606413e-5,0.03567738342725702
LRT,Montipora_capitata_HIv3___TS.g9507.t1,51.54026076646593,-2.9556445085309457,0.7626529592730498,31.532739666923135,2.005131449325974e-5,0.00899802737885031
LRT,Montipora_capitata_HIv3___TS.g9699.t2,96.55997530726694,-0.05001595290168523,0.610067186551787,34.865476138763256,4.575979809878878e-6,0.0024432336436066406
LRT,Montipora_capitata_HIv3___RNAseq.g40764.t1,117.99151564869011,0.5798550079893673,0.6270042792677429,53.713602859768685,8.426187817343706e-10,2.6468762481230915e-6
LRT,Montipora_capitata_HIv3___TS.g48661.t1,176.18284652168035,-1.0569490167935636,0.4556497568040394,40.668758803346805,3.3649172276912923e-7,4.2280184965941086e-4
LRT,Montipora_capitata_HIv3___TS.g50653.t2,93.41067588129098,-3.202500102505209,0.8212688738626424,27.549916988890118,1.1418760978909664e-4,0.03775703465789471
LRT,Montipora_capitata_HIv3___TS.g50862.t1,803.9084179269834,-0.06569893201003384,1.3077310139974538,28.00213604968428,9.38757519377216e-5,0.03469261244404329
LRT,Montipora_capitata_HIv3___RNAseq.g15050.t1,2429.508420522066,1.447019773617893,1.5107485536957783,34.82142744797545,4.666741539718216e-6,0.0024432336436066406
LRT,Montipora_capitata_HIv3___RNAseq.g15087.t1,2969.171709114627,2.41808857278017,1.4482344173036008,56.94336617714123,1.875792275212166e-10,1.0839712816010241e-6
LRT,Montipora_capitata_HIv3___TS.g45793.t1b,95.20261915779585,-0.21870999296552046,0.5648999171160034,56.252495423081314,2.588073095744586e-10,1.0839712816010241e-6
LRT,Montipora_capitata_HIv3___RNAseq.g45264.t1,957.0828204537186,2.7948276732629274,1.5213535706731318,27.30386246993271,1.2700465583502765e-4,0.04091829488633647
LRT,Montipora_capitata_HIv3___RNAseq.g20279.t1,151.32492779119568,-5.804543670377225,1.3006606859463365,46.90074392709187,1.9583921458281263e-8,4.101199552055068e-5
LRT,Montipora_capitata_HIv3___RNAseq.g20824.t1a,133.63108929291158,1.3180203275748388,0.6984568537594938,37.75321628330869,1.255294634732077e-6,0.0011266269346720391
LRT,Montipora_capitata_HIv3___RNAseq.g21373.t1,61.28498581614823,4.290462054485653,0.9636745503987335,44.0751296677787,7.142789815893891e-8,1.1218644254588343e-4
LRT,Montipora_capitata_HIv3___RNAseq.g21376.t1,56.834952618821404,3.2902943303837033,0.9923356288676437,26.953849819300558,1.4771880938533886e-4,0.044192543807780545
LRT,Montipora_capitata_HIv3___RNAseq.g28195.t1,63.76229479148061,1.8606274956241502,0.5915750527413032,26.672148206858537,1.667842666015996e-4,0.047628279769297704
LRT,Montipora_capitata_HIv3___RNAseq.g30158.t1,3095.838749086194,0.18952058964069438,0.8701908164942682,29.557055829393335,4.771014895436286e-5,0.019338000697147396
LRT,Montipora_capitata_HIv3___TS.g15697.t1,60.957208814912384,-0.23561053856633885,0.6805931657304594,39.68037873672415,5.263654444987467e-7,5.511484841772293e-4
LRT,Montipora_capitata_HIv3___RNAseq.g33315.t1,5769.896441151302,1.5893576859523768,1.3654242445727074,44.197643241864284,6.754085733726826e-8,1.1218644254588343e-4
LRT,Montipora_capitata_HIv3___RNAseq.g47569.t1,8848.928733642848,0.5962967596284985,1.0276724827555748,34.44760723962486,5.51252939088705e-6,0.002770597271859831
LRT,Montipora_capitata_HIv3___RNAseq.g49676.t1,64.93437266600804,3.938715144626011,1.0678918892646179,29.774673568960225,4.338116409496615e-5,0.018169477561774987
LRT,Montipora_capitata_HIv3___RNAseq.g49798.t1,1938.3369160166149,-0.07745365501165247,1.0406023578065144,27.215064658417646,1.3197086690366604e-4,0.041455348566114096
LRT,Montipora_capitata_HIv3___RNAseq.g39019.t1,6712.101411652257,0.42475699894899643,1.0765606194433819,31.29134681412893,2.2300145741123742e-5,0.009662114870248959
LRT,Montipora_capitata_HIv3___RNAseq.g39262.t1,65.12049496665409,0.5051218494673744,0.46093036261308373,35.90466868633507,2.876756421271315e-6,0.001721259258727337
LRT,Montipora_capitata_HIv3___RNAseq.g39743.t1,72.65380466792831,-0.20425724067749526,0.8975765052550035,28.544174743226677,7.41884105821173e-5,0.02824779936255466
LRT,Montipora_capitata_HIv3___RNAseq.g15918.t2,81.97003407438022,0.745068553839045,0.8208921251375658,26.78786059092272,1.586755086958888e-4,0.04636645969218239
LRT,Montipora_capitata_HIv3___RNAseq.g18178.t1,79.49100922575893,-0.058142236986289696,0.7850507635841342,35.19258291343999,3.95461701951266e-6,0.0022586255840989352
LRT,Montipora_capitata_HIv3___RNAseq.g35580.t1,3967.3622482269375,0.6370408389877207,0.9463036465465379,33.43339151309476,8.65263060036388e-6,0.00418155013436816
LRT,Montipora_capitata_HIv3___RNAseq.g7741.t1,2809.9751615745377,0.6989948760233752,1.0014131441079228,27.588887372992758,1.1227839525296663e-4,0.03775703465789471
LRT,Montipora_capitata_HIv3___RNAseq.g12501.t1,33.249516628317814,-2.0125135067414934,0.8585858467684079,36.7932813567391,1.932040897785302e-6,0.0012776891516143325
prawnchip_high.int,Montipora_capitata_HIv3___RNAseq.g11129.t1,31.186563458367633,5.762847730398216,1.21460555015897,4.744624894595585,2.0889306240135036e-6,0.026247413290729674
prawnchip_mid.int,Montipora_capitata_HIv3___TS.g26493.t2a,164.36680439595878,-7.670319343952305,1.2342432389595037,-6.2145929601514895,5.145786343358245e-10,6.465680540429635e-6
prawnchip_mid.int,Montipora_capitata_HIv3___RNAseq.g7017.t1,44.61988835769972,-3.8941708276629647,0.8961000375165579,-4.3456876069944474,1.3884004745489766e-5,0.04361312990676973
prawnchip_mid.int,Montipora_capitata_HIv3___RNAseq.g11410.t1,784.1530307355185,-3.3747302046445404,0.7870911881361834,-4.287597492529215,1.8061599324917485e-5,0.04538879910351764
prawnchip_mid.int,Montipora_capitata_HIv3___TS.g48661.t1,176.18284652168035,-1.9831784052165868,0.44290012940558293,-4.4777101507696875,7.544794323507214e-6,0.03160011355828938
prawnchip_mid.int,Montipora_capitata_HIv3___RNAseq.g20279.t1,151.32492779119568,-7.486206109518998,1.2931525762608158,-5.789112782936686,7.07591763442498e-9,4.445445253827494e-5
prawnchip_low.int,Montipora_capitata_HIv3___TS.g26493.t2a,164.36680439595878,-6.273071924901264,1.2667980259867246,-4.951911667225002,7.348796286006669e-7,0.003077920844455793
prawnchip_low.int,Montipora_capitata_HIv3___TS.g9699.t2,96.55997530726694,3.5677116101032507,0.8086559960569515,4.411902746655682,1.024661397494081e-5,0.014305411621681252
prawnchip_low.int,Montipora_capitata_HIv3___RNAseq.g40764.t1,117.99151564869011,4.858939983087514,1.0626287005292763,4.572566109561471,4.817871423519724e-6,0.009833437524659538
prawnchip_low.int,Montipora_capitata_HIv3___RNAseq.g41130.t1,56.93870184710777,5.846885657819993,1.4249850829157533,4.103120606607548,4.0761462446295326e-5,0.04915066743376652
prawnchip_low.int,Montipora_capitata_HIv3___RNAseq.g41946.t1,66.03358783145484,5.507167268474634,1.3516082708644046,4.074529127402122,4.6107542470644553e-05,0.04915066743376652
prawnchip_low.int,Montipora_capitata_HIv3___TS.g48661.t1,176.18284652168035,-2.0855592505769005,0.4588096727897615,-4.545586926918514,5.4782381752977935e-6,0.009833437524659538
prawnchip_low.int,Montipora_capitata_HIv3___TS.g23059.t1a,587.8535533455561,17.14104498121222,1.7400076454145346,9.85113199150834,6.777626802503717e-23,8.516088077345921e-19
prawnchip_low.int,Montipora_capitata_HIv3___TS.g45793.t1b,95.20261915779585,6.48755601087807,1.1676956572756556,5.555862069414689,2.7624495198081883e-8,1.7355089108194943e-4
prawnchip_low.int,Montipora_capitata_HIv3___RNAseq.g20824.t1a,133.63108929291158,4.292777203472469,0.9648012996076025,4.4493899471511895,8.611454182529425e-6,0.013525365225435277
prawnchip_low.int,Montipora_capitata_HIv3___TS.g15697.t1,60.957208814912384,5.714332405976486,1.2334518981641702,4.632797123650718,3.607580293630029e-6,0.009065849277892262
prawnchip_low.int,Montipora_capitata_HIv3___RNAseq.g48280.t1,94.06444857966596,3.4129792231546476,0.8384956735168412,4.070359968394158,4.694054987705517e-5,0.04915066743376652
prawnchip_low.int,Montipora_capitata_HIv3___RNAseq.g18178.t1,79.49100922575893,6.1510622592726625,1.299031757323847,4.735113075252717,2.1893300305858773e-6,0.006877232958577887
earlygastrula_high.int,Montipora_capitata_HIv3___RNAseq.g11129.t1,31.186563458367633,6.2732627843662785,1.2095907555180185,5.1862687902898985,2.1454909220674244e-7,0.0026958093435777188
earlygastrula_high.int,Montipora_capitata_HIv3___RNAseq.g20279.t1,151.32492779119568,-5.804543670377225,1.3006606859463365,-4.462765526086419,8.090857331056547e-6,0.035600398047136446
earlygastrula_high.int,Montipora_capitata_HIv3___RNAseq.g21373.t1,61.28498581614823,4.290462054485653,0.9636745503987335,4.452189852591226,8.499896071739702e-6,0.035600398047136446
earlygastrula_mid.int,Montipora_capitata_HIv3___RNAseq.g11410.t1,784.1530307355185,-3.2740293473641273,0.7744014280413322,-4.227819356745017,2.359671166643744e-5,0.04854103423620511
earlygastrula_mid.int,Montipora_capitata_HIv3___TS.g8038.t2,711.8952372069842,-5.03758888573885,1.2552413262420807,-4.013243334507074,5.9890117973531596e-5,0.04854103423620511
earlygastrula_mid.int,Montipora_capitata_HIv3___RNAseq.g41393.t1,444.98793043419704,-1.5268181102113734,0.3748547940811382,-4.073092126123083,4.6393062600222106e-5,0.04854103423620511
earlygastrula_mid.int,Montipora_capitata_HIv3___RNAseq.g15050.t1,2429.508420522066,-5.805477509982733,1.4466299230286204,-4.013104815244359,5.992528786138266e-5,0.04854103423620511
earlygastrula_mid.int,Montipora_capitata_HIv3___RNAseq.g15087.t1,2969.171709114627,-5.494552949619292,1.311939552680232,-4.188114413041496,2.8128171192507272e-5,0.04854103423620511
earlygastrula_mid.int,Montipora_capitata_HIv3___RNAseq.g23104.t1,1449.3759096670549,-5.276600262224848,1.3263511137192467,-3.9782831315522715,6.941468411653635e-5,0.04854103423620511
earlygastrula_mid.int,Montipora_capitata_HIv3___RNAseq.g33315.t1,5769.896441151302,-5.828893008106288,1.3058035891987134,-4.463835952298997,8.05052109337027e-6,0.04854103423620511
earlygastrula_mid.int,Montipora_capitata_HIv3___TS.g983.t1,517.9097631267349,-4.15161175854633,1.0300353323111078,-4.0305527667980945,5.5645834652097274e-5,0.04854103423620511
earlygastrula_mid.int,Montipora_capitata_HIv3___RNAseq.g49798.t1,1938.3369160166149,-4.069106284208191,1.0289814281833891,-3.954499248243943,7.669511298452402e-5,0.04854103423620511
earlygastrula_mid.int,Montipora_capitata_HIv3___RNAseq.g39019.t1,6712.101411652257,-4.464883801934843,1.0693663253974477,-4.175261270056728,2.97644246917701e-5,0.04854103423620511
earlygastrula_mid.int,Montipora_capitata_HIv3___RNAseq.g35580.t1,3967.3622482269375,-3.722111985274665,0.9376085040788581,-3.969793329606591,7.1934999623999e-5,0.04854103423620511
earlygastrula_low.int,Montipora_capitata_HIv3___TS.g26493.t2a,164.36680439595878,-5.992432057226394,1.260043006584793,-4.755736134331016,1.9772459090609083e-6,0.004140682474558385
earlygastrula_low.int,Montipora_capitata_HIv3___RNAseq.g9870.t1,154.31682319449007,-2.2259423011326196,0.5097333525759903,-4.366875916366056,1.2603627997610672e-5,0.017596065087775344
earlygastrula_low.int,Montipora_capitata_HIv3___TS.g9699.t2,96.55997530726694,3.5452912169970476,0.7972300020909058,4.4470117879391955,8.707306140953e-6,0.013675912707634305
earlygastrula_low.int,Montipora_capitata_HIv3___RNAseq.g40764.t1,117.99151564869011,5.08773574295038,1.0529241015208597,4.832006158470089,1.3516407293533035e-6,0.0033966731528648516
earlygastrula_low.int,Montipora_capitata_HIv3___TS.g48661.t1,176.18284652168035,-2.3857995033997232,0.4544936618351998,-5.249357040021426,1.5263099564317045e-7,6.392694867521456e-4
earlygastrula_low.int,Montipora_capitata_HIv3___RNAseq.g12860.t1,574.0337987722818,-1.32761371632596,0.31380259297519764,-4.230728955228525,2.32935214722464e-5,0.029268309729877602
earlygastrula_low.int,Montipora_capitata_HIv3___TS.g23059.t1a,587.8535533455561,17.216059843488996,1.7237570681760557,9.987520957176221,1.728504492737164e-23,2.1718658951242467e-19
earlygastrula_low.int,Montipora_capitata_HIv3___TS.g45793.t1b,95.20261915779585,6.4269385247937665,1.1654287413314695,5.514655934648712,3.4946294338040687e-8,2.1955009417874062e-4
earlygastrula_low.int,Montipora_capitata_HIv3___RNAseq.g20824.t1a,133.63108929291158,3.9537210098187585,0.9588287283294765,4.1234903513030385,3.731740990388717e-5,0.04262665958566748
earlygastrula_low.int,Montipora_capitata_HIv3___TS.g15697.t1,60.957208814912384,5.603630499774598,1.22831674456481,4.5620403080639855,5.065891851320379e-6,0.00909327587312008
earlygastrula_low.int,Montipora_capitata_HIv3___RNAseq.g18178.t1,79.49100922575893,6.3691668147111695,1.293296221402885,4.924754831342741,8.446618823173421e-7,0.002653294137829351
cleavage_low.vs.control,Montipora_capitata_HIv3___TS.g26493.t2a,164.36680439595878,6.167459936250843,1.1787951964163819,5.232002942496155,1.6768308084615103e-7,4.2138758216637756e-4
cleavage_low.vs.control,Montipora_capitata_HIv3___RNAseq.g5394.t1,704.537037919669,0.7627360158401439,0.18125214674595952,4.208148866281755,2.574712312821319e-5,0.017533119488640354
cleavage_low.vs.control,Montipora_capitata_HIv3___TS.g28558.t3a,589.6906628998954,0.9076730103947344,0.18385734757080147,4.936832943514533,7.940142934111136e-7,0.001425255656672949
cleavage_low.vs.control,Montipora_capitata_HIv3___RNAseq.g9530.t2,213.7367654948761,1.3219290352465027,0.31980415974856663,4.133557975874414,3.57190139654627e-5,0.020400427748910856
cleavage_low.vs.control,Montipora_capitata_HIv3___RNAseq.g9870.t1,154.31682319449007,1.8154489773033018,0.41666042656605595,4.357142799150585,1.31771301898326e-5,0.011826474345374758
cleavage_low.vs.control,Montipora_capitata_HIv3___TS.g38156.t1c,156.20286504042647,2.146415788132159,0.5563540952709536,3.8580030350757446,1.1431722881788037e-4,0.03989988833601852
cleavage_low.vs.control,Montipora_capitata_HIv3___RNAseq.g24946.t1,38.81248727888843,2.9881652417270357,0.7067427162462713,4.228080704670157,2.3569325560302957e-5,0.017533119488640354
cleavage_low.vs.control,Montipora_capitata_HIv3___TS.g9699.t2,96.55997530726694,-3.372893703672021,0.6972476736917979,-4.837439881029894,1.3152214660859934e-6,0.0019483416511386173
cleavage_low.vs.control,Montipora_capitata_HIv3___RNAseq.g40764.t1,117.99151564869011,-4.698711147885526,0.9779608978815846,-4.804600222834742,1.550610148140563e-6,0.0019483416511386173
cleavage_low.vs.control,Montipora_capitata_HIv3___RNAseq.g40947.t1,120.08660809708407,-1.5316339784034823,0.3869011394419582,-3.958721808399465,7.535194231108165e-5,0.03297730104314916
cleavage_low.vs.control,Montipora_capitata_HIv3___RNAseq.g41130.t1,56.93870184710777,-5.339096695595309,1.2750389436840681,-4.187398919886044,2.8216962021111077e-5,0.017533119488640354
cleavage_low.vs.control,Montipora_capitata_HIv3___RNAseq.g41946.t1,66.03358783145484,-4.871402722474357,1.2317926032657676,-3.954726395952646,7.662228624590739e-5,0.03297730104314916
cleavage_low.vs.control,Montipora_capitata_HIv3___TS.g48661.t1,176.18284652168035,2.1075522823798334,0.3707343159625553,5.684804971203959,1.3096202481829671e-8,5.485126139472994e-5
cleavage_low.vs.control,Montipora_capitata_HIv3___TS.g50653.t2,93.41067588129098,3.026976241414863,0.7491211646243728,4.0407031390344725,5.3291181490625204e-5,0.029113204149117642
cleavage_low.vs.control,Montipora_capitata_HIv3___RNAseq.g12860.t1,574.0337987722818,1.1924544580279266,0.24718797901992573,4.824079482974386,1.4065132445526276e-6,0.0019483416511386173
cleavage_low.vs.control,Montipora_capitata_HIv3___TS.g21346.t1,226.19186371771724,-5.29360013977201,1.3943471494824453,-3.7964721638631325,1.4676983442846907e-4,0.04728622998958241
cleavage_low.vs.control,Montipora_capitata_HIv3___TS.g23059.t1a,587.8535533455561,-17.057673429258656,1.4911705859600397,-11.439116080925544,2.6658767881349935e-30,3.349674184291619e-26
cleavage_low.vs.control,Montipora_capitata_HIv3___RNAseq.g15285.t1,210.23310106990814,0.9184226001670212,0.24090049618988815,3.812456241032733,1.3759259473449233e-4,0.04549607770628674
cleavage_low.vs.control,Montipora_capitata_HIv3___TS.g45793.t1b,95.20261915779585,-6.460402551696157,1.1108158459859405,-5.815907807798707,6.030569826362897e-9,3.78870549341249e-5
cleavage_low.vs.control,Montipora_capitata_HIv3___RNAseq.g45000.t1,344.67921943567467,-1.030941225922797,0.26072581002546213,-3.954120329790582,7.681674522616202e-5,0.03297730104314916
cleavage_low.vs.control,Montipora_capitata_HIv3___TS.g46137.t1a,255.694656314207,-1.5061242641720916,0.3592629912125854,-4.192261104013572,2.761878574083872e-5,0.017533119488640354
cleavage_low.vs.control,Montipora_capitata_HIv3___RNAseq.g19088.t1,368.0786281961261,-0.9049947530412451,0.2289655833749271,-3.9525361833936947,7.732723177801537e-5,0.03297730104314916
cleavage_low.vs.control,Montipora_capitata_HIv3___RNAseq.g20824.t1a,133.63108929291158,-4.080066395021903,0.8564343866090149,-4.764015152610356,1.8977824422711483e-6,0.0021677851261033615
cleavage_low.vs.control,Montipora_capitata_HIv3___RNAseq.g22859.t1,945.6776446328777,-0.5892731896040849,0.14924051325260612,-3.9484800525087627,7.864896811554072e-5,0.03297730104314916
cleavage_low.vs.control,Montipora_capitata_HIv3___RNAseq.g23082.t1,77.26104648204421,-2.541401299675206,0.6081632320664132,-4.178814445983603,2.9303263769315353e-5,0.017533119488640354
cleavage_low.vs.control,Montipora_capitata_HIv3___RNAseq.g23537.t1,28.177517760009216,3.1700536010072446,0.8029080591086384,3.9482149482053175,7.873609481054316e-5,0.03297730104314916
cleavage_low.vs.control,Montipora_capitata_HIv3___TS.g15697.t1,60.957208814912384,-5.780888725028255,1.1522787448132548,-5.016918650152781,5.2506786863414e-7,0.0010995796282313281
cleavage_low.vs.control,Montipora_capitata_HIv3___RNAseq.g31500.t1,80.10578053166172,-2.338823146879662,0.6000722425440956,-3.8975692942634255,9.71630250805898e-5,0.03815166906680034
cleavage_low.vs.control,Montipora_capitata_HIv3___RNAseq.g34657.t1,95.83044536407104,-2.4032385417097837,0.6161448011075781,-3.9004444042857083,9.601627427755124e-5,0.03815166906680034
cleavage_low.vs.control,Montipora_capitata_HIv3___RNAseq.g46103.t2,101.84728480007479,2.437002972067492,0.6269433908438489,3.887118051898357,1.0144142696870561e-4,0.03862459181399351
cleavage_low.vs.control,Montipora_capitata_HIv3___RNAseq.g48280.t1,94.06444857966596,-3.1865845647534927,0.7278123311915671,-4.378305269349378,1.1960574160376713e-5,0.011560354948087184
cleavage_low.vs.control,Montipora_capitata_HIv3___RNAseq.g39262.t1,65.12049496665409,-2.0891308291532966,0.4921408028352695,-4.244986022531799,2.1860704750099184e-5,0.017533119488640354
cleavage_low.vs.control,Montipora_capitata_HIv3___RNAseq.g39295.t2,403.5988325238518,1.0247987800101321,0.2652787124659761,3.8631022085557274,1.119561369199652e-4,0.03989988833601852
cleavage_low.vs.control,Montipora_capitata_HIv3___RNAseq.g39743.t1,72.65380466792831,-5.669278616235042,1.2390230820436887,-4.575603714245527,4.74848649012234e-6,0.0049720610623655995
cleavage_low.vs.control,Montipora_capitata_HIv3___RNAseq.g15918.t2,81.97003407438022,-5.0185391452440316,1.1941442779969098,-4.2026237848430394,2.638388855538829e-5,0.017533119488640354
cleavage_low.vs.control,Montipora_capitata_HIv3___RNAseq.g16310.t1,52.68448570876752,-2.7072643891768506,0.6718299261686984,-4.029687103424816,5.585114591332984e-5,0.02924040201670789
cleavage_low.vs.control,Montipora_capitata_HIv3___RNAseq.g18178.t1,79.49100922575893,-6.245315318061576,1.1923499484870184,-5.2378207639345336,1.6248374312742307e-7,4.2138758216637756e-4
cleavage_low.vs.control,Montipora_capitata_HIv3___RNAseq.g35361.t1,81.04676487461208,-2.148064143306006,0.5582261181224768,-3.8480179869239173,1.1907731243019813e-4,0.04043801164014701
cleavage_low.vs.control,Montipora_capitata_HIv3___RNAseq.g36818.t1,201.5887806748913,-1.611253740676365,0.41714130277323563,-3.86260897677703,1.1218249464578094e-4,0.03989988833601852
cleavage_mid.vs.control,Montipora_capitata_HIv3___TS.g26493.t2a,164.36680439595878,7.64942704906648,1.143514710370638,6.68939977745204,2.2408779048754526e-11,2.815663087476006e-7
cleavage_mid.vs.control,Montipora_capitata_HIv3___RNAseq.g6929.t1,836.1730037621337,0.7105492870382286,0.15763205535463337,4.507644624944256,6.555124793613479e-6,0.003050560853027902
cleavage_mid.vs.control,Montipora_capitata_HIv3___RNAseq.g7017.t1,44.61988835769972,3.4050264274755553,0.7532052609065061,4.520715141284993,6.163107419358929e-6,0.0029784401817017285
cleavage_mid.vs.control,Montipora_capitata_HIv3___RNAseq.g7364.t1,266.9481331510949,1.0206045093682763,0.2605399638196205,3.9172666427284484,8.95586708536115e-5,0.01907296100467167
cleavage_mid.vs.control,Montipora_capitata_HIv3___RNAseq.g8767.t1,835.9051257622269,3.2426760968386987,0.8272607302627705,3.919775202926286,8.863160109006135e-5,0.01907296100467167
cleavage_mid.vs.control,Montipora_capitata_HIv3___RNAseq.g8958.t1,196.8621944333979,2.4865090233724114,0.6778730896861987,3.668104046619504,2.443557495252473e-4,0.04207159085884682
cleavage_mid.vs.control,Montipora_capitata_HIv3___RNAseq.g9870.t1,154.31682319449007,1.5085661125651684,0.3915991492720795,3.8523222416834986,1.1700290890337555e-4,0.022617562313398676
cleavage_mid.vs.control,Montipora_capitata_HIv3___RNAseq.g10763.t1,1064.7199716616585,4.0998994685453,1.0320413396504997,3.9726116687668043,7.108889145553601e-5,0.017112900614458745
cleavage_mid.vs.control,Montipora_capitata_HIv3___RNAseq.g10964.t1,2392.5671770549448,4.569424085029227,0.9423124138646564,4.8491604459383995,1.239851076210959e-6,8.654849318105944e-4
cleavage_mid.vs.control,Montipora_capitata_HIv3___RNAseq.g10966.t1,2533.900005747306,4.485692293688058,0.932655106998579,4.809593878838743,1.5123725431323245e-6,9.972276225934389e-4
cleavage_mid.vs.control,Montipora_capitata_HIv3___RNAseq.g10968.t1,2294.0131489939363,4.610950126541976,0.9411085658880304,4.899488001356232,9.608671777231855e-7,7.101938875348134e-4
cleavage_mid.vs.control,Montipora_capitata_HIv3___RNAseq.g11051.t1,1996.947191874193,4.329867063300703,0.9114507230237683,4.750522385824901,2.0289183126723007e-6,0.0011587890272148846
cleavage_mid.vs.control,Montipora_capitata_HIv3___RNAseq.g11053.t1,2109.9651829680292,4.65870398385888,0.9231505854984904,5.046526598196582,4.499142836634135e-7,5.139248158391628e-4
cleavage_mid.vs.control,Montipora_capitata_HIv3___RNAseq.g11410.t1,784.1530307355185,3.605166026791461,0.5992538421958772,6.016091634191051,1.7867845233643456e-9,5.61273688401825e-6
cleavage_mid.vs.control,Montipora_capitata_HIv3___RNAseq.g11828.t1,3196.327502483852,3.5379156092211983,0.7489351272299809,4.7239279886718215,2.3133235987730076e-6,0.0012637787399383843
cleavage_mid.vs.control,Montipora_capitata_HIv3___RNAseq.g467.t1,2888.288844104552,3.6385037929444013,0.937348249757369,3.8816990311618143,1.0372920585718175e-4,0.021366515927794896
cleavage_mid.vs.control,Montipora_capitata_HIv3___RNAseq.g516.t1,64.23029996781213,2.4213017958649212,0.6113789181273367,3.9603946490032844,7.482599903048975e-5,0.017112900614458745
cleavage_mid.vs.control,Montipora_capitata_HIv3___RNAseq.g527.t1b,1518.3890787752975,2.103368373247975,0.4711560604903626,4.464271076252024,8.034179589415631e-6,0.003566983875189758
cleavage_mid.vs.control,Montipora_capitata_HIv3___RNAseq.g611.t1,1374.2119804563724,1.3028227289855294,0.35752166969225646,3.644038500119332,2.683932459309683e-4,0.04496481513496822
cleavage_mid.vs.control,Montipora_capitata_HIv3___TS.g40145.t1,118.67848162272038,1.9077834832216658,0.48551839735243446,3.9293742392151185,8.516720421534118e-5,0.01907296100467167
cleavage_mid.vs.control,Montipora_capitata_HIv3___RNAseq.g3338.t1,1718.7193076180936,2.4703543722338406,0.6114827133614026,4.039941470551098,5.3464542041228046e-5,0.014789945996335489
cleavage_mid.vs.control,Montipora_capitata_HIv3___RNAseq.g24646.t1,1358.9083809738333,2.7845396819625923,0.6897594119628921,4.0369723611867085,5.414544495276024e-5,0.014789945996335489
cleavage_mid.vs.control,Montipora_capitata_HIv3___TS.g7987.t1,359.3551383461271,2.428229696340577,0.5482571196786871,4.428998017871016,9.467189296863862e-6,0.003964469493410392
cleavage_mid.vs.control,Montipora_capitata_HIv3___TS.g8038.t2,711.8952372069842,4.899423572323176,0.9792049665047526,5.0034709176481655,5.630716409408986e-7,5.442303975709532e-4
cleavage_mid.vs.control,Montipora_capitata_HIv3___RNAseq.g26524.t1,1912.5441785042779,3.1997446640950824,0.7990506184284762,4.004432998735605,6.216640700012613e-5,0.01594124293788949
cleavage_mid.vs.control,Montipora_capitata_HIv3___RNAseq.g26744.t1,377.7463380305917,1.6580199771424828,0.4232172807971617,3.917656608963313,8.9413955117105e-5,0.01907296100467167
cleavage_mid.vs.control,Montipora_capitata_HIv3___RNAseq.g26803.t1,1486.171946195066,2.977432883262849,0.7660973559572162,3.8864941382582296,1.017023812713503e-4,0.021298173677908608
cleavage_mid.vs.control,Montipora_capitata_HIv3___RNAseq.g41251.t1,459.43121915733036,0.8764463022155031,0.2422150643754253,3.6184632218293427,2.963576045985782e-4,0.04836017275040436
cleavage_mid.vs.control,Montipora_capitata_HIv3___RNAseq.g41271.t2,118.66262418529409,2.6468472721802465,0.6334215166498931,4.178650713002572,2.9324364293767958e-5,0.010527446781462698
cleavage_mid.vs.control,Montipora_capitata_HIv3___RNAseq.g41393.t1,444.98793043419704,1.3206716635639657,0.29617819289032704,4.4590442350798,8.232593106287543e-6,0.003566983875189758
cleavage_mid.vs.control,Montipora_capitata_HIv3___RNAseq.g41524.t1,497.9977237030846,1.9193220481436761,0.5301446685250765,3.6203741395409126,2.9417732401132966e-4,0.04836017275040436
cleavage_mid.vs.control,Montipora_capitata_HIv3___TS.g48661.t1,176.18284652168035,1.732214175935074,0.3500241722020838,4.94884157581835,7.465648092136766e-7,6.099975748398463e-4
cleavage_mid.vs.control,Montipora_capitata_HIv3___TS.g50653.t2,93.41067588129098,3.365976448745423,0.7076261873766048,4.75671549299803,1.9676817686452936e-6,0.0011587890272148846
cleavage_mid.vs.control,Montipora_capitata_HIv3___TS.g50862.t1,803.9084179269834,3.9710819760438,0.981289069239436,4.046801396780717,5.19222580414871e-5,0.014789945996335489
cleavage_mid.vs.control,Montipora_capitata_HIv3___TS.g20760.t1b,64.97129044644912,2.6445240565952206,0.7209658805668471,3.6680294142574525,2.444270698524328e-4,0.04207159085884682
cleavage_mid.vs.control,Montipora_capitata_HIv3___RNAseq.g13110.t1,388.61853806239446,2.2166287696685565,0.5597355859338063,3.960135509287938,7.490724502946526e-5,0.017112900614458745
cleavage_mid.vs.control,Montipora_capitata_HIv3___RNAseq.g13590.t1,127.07956772399275,2.3642842417496426,0.6118290681238345,3.864288842960155,1.1141332139284036e-4,0.022554742755132282
cleavage_mid.vs.control,Montipora_capitata_HIv3___RNAseq.g14800.t1,259.59010444693047,2.2702959783022507,0.5927682618447188,3.829989094282811,1.2814893824361436e-4,0.024396839530772946
cleavage_mid.vs.control,Montipora_capitata_HIv3___RNAseq.g14802.t1,258.17842219341196,2.491313478536312,0.6055911395732886,4.113853911884742,3.89107735985313e-5,0.012536253083731944
cleavage_mid.vs.control,Montipora_capitata_HIv3___TS.g23059.t1a,587.8535533455561,4.115080321637407,1.0378954724957121,3.9648311710449318,7.344791218695126e-5,0.017112900614458745
cleavage_mid.vs.control,Montipora_capitata_HIv3___RNAseq.g15050.t1,2429.508420522066,5.592077093157615,1.1040048789904287,5.0652648367563025,4.078329591624162e-7,5.12442113187576e-4
cleavage_mid.vs.control,Montipora_capitata_HIv3___RNAseq.g15087.t1,2969.171709114627,5.553774403222672,1.0019783818814612,5.542808611094077,2.9765815228929855e-8,6.233457805858394e-5
cleavage_mid.vs.control,Montipora_capitata_HIv3___RNAseq.g19868.t1,163.99868698238194,2.4599182925387764,0.6139202726725324,4.006901876411739,6.152040611014416e-5,0.01594124293788949
cleavage_mid.vs.control,Montipora_capitata_HIv3___RNAseq.g19903.t1,2602.8002331837706,2.829022781668501,0.7327849024127651,3.8606455623658054,1.130878466831145e-4,0.022554742755132282
cleavage_mid.vs.control,Montipora_capitata_HIv3___RNAseq.g20081.t1,57.83827098537654,3.2608291276817987,0.8701582512138097,3.7473978131370593,1.7867859055753423e-4,0.03207280700507739
cleavage_mid.vs.control,Montipora_capitata_HIv3___TS.g33656.t1,1088.146674502614,3.1743152549030835,0.7985956539515893,3.974871687813505,7.041721004868006e-5,0.017112900614458745
cleavage_mid.vs.control,Montipora_capitata_HIv3___RNAseq.g20279.t1,151.32492779119568,7.334498035226934,1.178698725084546,6.2225383629738324,4.891751173900587e-10,3.0732426750030438e-6
cleavage_mid.vs.control,Montipora_capitata_HIv3___TS.g34591.t3,1059.8091620136395,2.644387585425029,0.702680963984634,3.7632833689270906,1.6769699799643834e-4,0.030537866374278952
cleavage_mid.vs.control,Montipora_capitata_HIv3___RNAseq.g23104.t1,1449.3759096670549,5.030147717291108,1.0141136310198642,4.960142101859371,7.044163099481825e-7,6.099975748398463e-4
cleavage_mid.vs.control,Montipora_capitata_HIv3___TS.g37159.t1,167.94455617252723,1.7679262169041363,0.3683242937403394,4.799917482908379,1.5873101831968784e-6,9.972276225934389e-4
cleavage_mid.vs.control,Montipora_capitata_HIv3___RNAseq.g27612.t1,1450.032267207918,3.0091259115878013,0.687491772438818,4.376962797552014,1.2034450546859034e-5,0.004666372353583795
cleavage_mid.vs.control,Montipora_capitata_HIv3___RNAseq.27502_t,1025.7466365312014,2.709786671792688,0.7088879908074306,3.8225879221147667,1.320583682060828e-4,0.024765871589692994
cleavage_mid.vs.control,Montipora_capitata_HIv3___RNAseq.g30106.t1a,1206.2059366578515,1.669346559339124,0.4091214032119703,4.080320770884277,4.497359514239049e-5,0.013782761535710647
cleavage_mid.vs.control,Montipora_capitata_HIv3___RNAseq.g30158.t1,3095.838749086194,3.0766396371022946,0.6552910756633673,4.695073306145267,2.6651113168265962e-6,0.0013952968206635908
cleavage_mid.vs.control,Montipora_capitata_HIv3___TS.g14891.t1,3035.2119710109346,4.01471226232788,0.9661377250227705,4.155424385517353,3.246843130756993e-5,0.01133238442721156
cleavage_mid.vs.control,Montipora_capitata_HIv3___RNAseq.g32680.t1,97.73248648088595,2.6146152697393967,0.6469165740665412,4.041657571553361,5.307469846970857e-5,0.014789945996335489
cleavage_mid.vs.control,Montipora_capitata_HIv3___RNAseq.g33315.t1,5769.896441151302,5.9870344983479376,0.9932934100037062,6.027458189142319,1.665583196235725e-9,5.61273688401825e-6
cleavage_mid.vs.control,Montipora_capitata_HIv3___RNAseq.g33355.t1,298.63483677137964,2.8543851689680917,0.7187442951434281,3.9713500173222087,7.146648782131533e-5,0.017112900614458745
cleavage_mid.vs.control,Montipora_capitata_HIv3___RNAseq.g33365.t1,201.09659527221945,2.3173218757566136,0.6155774678091125,3.76446831948567,1.6690382580182523e-4,0.030537866374278952
cleavage_mid.vs.control,Montipora_capitata_HIv3___RNAseq.g46103.t2,101.84728480007479,2.4476497013277414,0.5913876053992031,4.138824823147096,3.4908936305450576e-5,0.011771949301877978
cleavage_mid.vs.control,Montipora_capitata_HIv3___TS.g983.t1,517.9097631267349,4.2733761631115765,0.8095601827306218,5.278639259032737,1.30146736929787e-7,2.336133927889677e-4
cleavage_mid.vs.control,Montipora_capitata_HIv3___RNAseq.g47569.t1,8848.928733642848,3.933768985816024,0.7714755714023985,5.0990195044869235,3.414173741520095e-7,4.766565895799999e-4
cleavage_mid.vs.control,Montipora_capitata_HIv3___RNAseq.g48712.t1,373.5815940910037,1.8863883916291995,0.4616465225808482,4.0862181330497,4.384615794505939e-5,0.01377317436449178
cleavage_mid.vs.control,Montipora_capitata_HIv3___RNAseq.g49798.t1,1938.3369160166149,3.8666799286335434,0.7825515858228204,4.941118258124659,7.767577554665771e-7,6.099975748398463e-4
cleavage_mid.vs.control,Montipora_capitata_HIv3___RNAseq.g39019.t1,6712.101411652257,4.657008923132059,0.808793114203431,5.75797301108168,8.512996156261146e-9,2.139315934068426e-5
cleavage_mid.vs.control,Montipora_capitata_HIv3___RNAseq.g39730.t1,899.0225534110102,1.2227884606321269,0.32992497049701985,3.7062622413515443,2.103405094435908e-4,0.03722434508674251
cleavage_mid.vs.control,Montipora_capitata_HIv3___RNAseq.g15684.t2,119.99935219532196,2.814468434473155,0.6807582169717223,4.1343143047071935,3.560159757034327e-5,0.011771949301877978
cleavage_mid.vs.control,Montipora_capitata_HIv3___RNAseq.g15754.t1,1265.4437164506178,3.2186436603940503,0.8031038466012472,4.007755253589457,6.129859528114928e-5,0.01594124293788949
cleavage_mid.vs.control,Montipora_capitata_HIv3___RNAseq.g15857.t1,1384.404860750657,3.359402281842898,0.7350376103648882,4.570381480445905,4.8683719067955556e-6,0.0024468437203554465
cleavage_mid.vs.control,Montipora_capitata_HIv3___RNAseq.g15862.t1,477.9575491250611,3.3596459152318907,0.87184205044006,3.8535029522103437,1.1643985877151928e-4,0.022617562313398676
cleavage_mid.vs.control,Montipora_capitata_HIv3___RNAseq.g17086.t1,1200.0967327320682,2.651447730557679,0.7253571847699164,3.655368398120602,2.568129241329961e-4,0.04360614042879859
cleavage_mid.vs.control,Montipora_capitata_HIv3___RNAseq.g35079.t1,347.0485479308967,2.6807130786190263,0.6062275476918915,4.421958534918756,9.78102302393332e-6,0.003964469493410392
cleavage_mid.vs.control,Montipora_capitata_HIv3___TS.g5420.t1,564.5599241844966,1.0751450952071315,0.24586026592505722,4.372992484824106,1.2255494442360943e-5,0.004666372353583795
cleavage_mid.vs.control,Montipora_capitata_HIv3___RNAseq.g35580.t1,3967.3622482269375,3.6369388999622365,0.7098755605585004,5.123347107626645,3.0015904927099496e-7,4.7143730676125643e-4
cleavage_mid.vs.control,Montipora_capitata_HIv3___RNAseq.g35661.t1,1928.0247838465289,2.79599788691672,0.6549078784184796,4.269299513801397,1.960878120329711e-5,0.007246598112336123
cleavage_mid.vs.control,Montipora_capitata_HIv3___RNAseq.g8271.t1,48.2857165710984,3.3651337494068265,0.8273082864525726,4.0675692538222155,4.750609236844365e-5,0.01421223930022606
cleavage_mid.vs.control,Montipora_capitata_HIv3___RNAseq.g7741.t1,2809.9751615745377,3.7592338145843374,0.7476617560935358,5.027987300334833,4.956546929786972e-7,5.189917681064441e-4
cleavage_high.vs.control,Montipora_capitata_HIv3___RNAseq.g5198.t1,153.19189505731873,-2.9333297342065894,0.6233199254275363,-4.705977804567394,2.5265200780380594e-6,0.007936431195137055
cleavage_high.vs.control,Montipora_capitata_HIv3___RNAseq.g6841.t1a,74.56504122085937,-3.0160096082300885,0.6582013236362155,-4.582199245009451,4.6011117968725506e-6,0.00903352716547906
cleavage_high.vs.control,Montipora_capitata_HIv3___TS.g28731.t1,408.6376100591298,-1.1976965180451846,0.2959626835042797,-4.046782195188015,5.1926515597268375e-5,0.0383798040282163
cleavage_high.vs.control,Montipora_capitata_HIv3___TS.g42133.t1,605.8768563313969,-5.745089622828313,1.2689344076227682,-4.527491404060206,5.968802829831503e-6,0.009374750944604104
cleavage_high.vs.control,Montipora_capitata_HIv3___RNAseq.g11129.t1,31.186563458367633,-6.222815588737314,1.092387947622701,-5.696525307039187,1.222737491381635e-8,1.5363696579210242e-4
cleavage_high.vs.control,Montipora_capitata_HIv3___RNAseq.g25096.t1,35.58883005436004,-5.6643537442475775,1.1832322806517335,-4.787186621656069,1.6913554484532126e-6,0.007093964089610578
cleavage_high.vs.control,Montipora_capitata_HIv3___RNAseq.g41271.t2,118.66262418529409,2.5911830970369176,0.6398040900451599,4.049963320575243,5.1225661499918256e-5,0.0383798040282163
cleavage_high.vs.control,Montipora_capitata_HIv3___TS.g50653.t2,93.41067588129098,3.044889241312799,0.7202777842608593,4.227381862731514,2.3642623533506015e-5,0.02121925462132165
cleavage_high.vs.control,Montipora_capitata_HIv3___RNAseq.g44142.t1,115.77499638259006,-2.2276543331745957,0.5541368198101552,-4.0200438836346954,5.818730170364097e-5,0.04061796921701382
cleavage_high.vs.control,Montipora_capitata_HIv3___RNAseq.g20279.t1,151.32492779119568,5.729746362785028,1.1969630479114102,4.786903298963912,1.6937439131581166e-6,0.007093964089610578
cleavage_high.vs.control,Montipora_capitata_HIv3___RNAseq.g20522.t1,39.96513423693028,2.894252888656822,0.7000097417464715,4.134589443620999,3.555897457355003e-5,0.029786567701110406
cleavage_high.vs.control,Montipora_capitata_HIv3___RNAseq.g21373.t1,61.28498581614823,-4.176269508240198,0.9151614223444099,-4.563423901262864,5.032605663219532e-6,0.00903352716547906
cleavage_high.vs.control,Montipora_capitata_HIv3___RNAseq.g21376.t1,56.834952618821404,-3.745827508485532,0.8445039660149211,-4.435535721829102,9.184359968943187e-6,0.011540148300977113
cleavage_high.vs.control,Montipora_capitata_HIv3___RNAseq.g27818.t1,306.7432378146623,-1.0047917737014305,0.22420233793296365,-4.481629330742583,7.407532069796525e-6,0.010341737828554815
cleavage_high.vs.control,Montipora_capitata_HIv3___RNAseq.g49676.t1,64.93437266600804,-4.254377734534097,0.975885318958113,-4.359505827053746,1.3035648290430119e-5,0.014890265524477676
cleavage_high.vs.control,Montipora_capitata_HIv3___RNAseq.g18416.t1,135.20791267146865,1.3848475044863495,0.30286047215402323,4.572559418655562,4.818025323569908e-6,0.00903352716547906
cleavage_high.vs.control,Montipora_capitata_HIv3___RNAseq.g35029.t1,103.93354835102528,-2.413766516426841,0.5657655130576462,-4.266372659199008,1.9867681038701384e-5,0.0192028778654833
cleavage_high.vs.control,Montipora_capitata_HIv3___RNAseq.g35090.t1,34.450851831803405,-3.1470814417600192,0.7332558987170187,-4.291927889385524,1.7712847690194154e-5,0.018546827602274128
earlygastrula_high.vs.control,Montipora_capitata_HIv3___TS.g29264.t2,2732.9856127564876,1.25956592800137,0.35887986911522335,3.5097146326615745,4.485878502177083e-4,0.049316832445602456
earlygastrula_high.vs.control,Montipora_capitata_HIv3___RNAseq.g1190.t1,2574.9073166921207,1.3396530895552774,0.3245164913452585,4.128151034795942,3.656918947848689e-5,0.010901985864257403
earlygastrula_high.vs.control,Montipora_capitata_HIv3___RNAseq.g27062.t1,2863.7294617414627,0.9140224573562122,0.2584369237662541,3.536733234694084,4.051086273173725e-4,0.049316832445602456
earlygastrula_high.vs.control,Montipora_capitata_HIv3___RNAseq.g43906.t1,1778.6632985363071,1.2101354133358921,0.3457301185446178,3.5002313898195117,4.6485446178374206e-4,0.049316832445602456
earlygastrula_high.vs.control,Montipora_capitata_HIv3___RNAseq.g44004.t1,3530.886870856553,2.400095497722402,0.4552197977144615,5.272388217236262,1.3465985564832873e-7,3.1429610308319924e-4
earlygastrula_high.vs.control,Montipora_capitata_HIv3___RNAseq.g44669.t1,4575.481545475926,2.2444575931960933,0.5039206830829406,4.453989821304233,8.428909801431188e-6,0.004918268869135098
earlygastrula_high.vs.control,Montipora_capitata_HIv3___RNAseq.g45032.t2,2965.9980340445436,1.1050804598289934,0.3002263039946783,3.6808249148235244,2.3248060621980517e-4,0.04181146746556679
earlygastrula_high.vs.control,Montipora_capitata_HIv3___RNAseq.g21605.t1,7294.0122312494,1.565974560299406,0.37979766270435933,4.123181141107722,3.7367560802938826e-5,0.010901985864257403
earlygastrula_high.vs.control,Montipora_capitata_HIv3___RNAseq.g22595.t1,6591.120359273618,1.3652744528255643,0.3656599039674074,3.733727537562489,1.8866659013152008e-4,0.04003162012426981
earlygastrula_high.vs.control,Montipora_capitata_HIv3___RNAseq.g28322.t1,6685.838766551071,2.047817872949368,0.437738820470184,4.678172867441289,2.894424868721961e-6,0.002251862547865686
earlygastrula_high.vs.control,Montipora_capitata_HIv3___RNAseq.g29121.t1,1709.9334733279304,1.9558262689797659,0.46734871960793256,4.184939825277674,2.8524165276328498e-5,0.010901985864257403
earlygastrula_high.vs.control,Montipora_capitata_HIv3___RNAseq.g33482.t1,5009.744873384114,1.1143162353311513,0.2784466243657932,4.001902475453545,6.283519917459352e-5,0.01629526165261125
earlygastrula_high.vs.control,Montipora_capitata_HIv3___RNAseq.g33790.t1,2821.7341057372273,1.0732773028219273,0.29970936018964195,3.581060338398534,3.422026071153215e-4,0.048732422764247496
earlygastrula_high.vs.control,Montipora_capitata_HIv3___RNAseq.g34110.t1,3176.96301688008,1.1361284854849016,0.31269007564042556,3.633401166180214,2.7970961769022086e-4,0.04663158912064111
earlygastrula_high.vs.control,Montipora_capitata_HIv3___RNAseq.g34187.t2,4417.68647168768,0.7899062672453395,0.22490440938520093,3.512186663679154,4.444357276295146e-4,0.049316832445602456
earlygastrula_high.vs.control,Montipora_capitata_HIv3___RNAseq.g46220.t1,3248.8409666132716,1.2003746072751191,0.3348397835775916,3.584922300599204,3.3717857268872694e-4,0.048732422764247496
earlygastrula_high.vs.control,Montipora_capitata_HIv3___RNAseq.g47022.t1,1763.2290212768398,1.0733053820182397,0.300718285007101,3.56913907643792,3.5815626686817257e-4,0.048732422764247496
earlygastrula_high.vs.control,Montipora_capitata_HIv3___RNAseq.g48479.t1,5062.440907697609,1.1338669927353748,0.30808389031530176,3.6803839096388433,2.3288306643203438e-4,0.04181146746556679
earlygastrula_high.vs.control,Montipora_capitata_HIv3___RNAseq.g38474.t1,3383.243386894076,1.2290693331370621,0.3181535251508562,3.8631328461763377,1.1194209068905332e-4,0.026127283966825045
earlygastrula_high.vs.control,Montipora_capitata_HIv3___TS.g5110.t1,3658.766851290268,1.596114773116032,0.36837509994687156,4.3328519580889955,1.4719009018594735e-5,0.006870833409880023
earlygastrula_high.vs.control,Montipora_capitata_HIv3___RNAseq.g36323.t1,2623.251780923959,1.153440149965938,0.32431889323862023,3.5565000190022387,3.758284531947108e-4,0.048732422764247496
earlygastrula_high.vs.control,Montipora_capitata_HIv3___RNAseq.g36979.t1,1833.4674747695192,2.3890618322502304,0.504364455261725,4.736776763958312,2.1714412848574806e-6,0.002251862547865686
